INSERT INTO `wp_user` (`id`, `full_name`, `username`, `email`, `password`, `roles`)
VALUES
	(1,'Jane Doe','jane_admin','jane_admin@symfony.com','$2y$13$.j2Y8GTlQfqib.9kIL1.XOrTkvrDQGYJlYfCPELiUUka8xe/5t0jS','[\"ROLE_ADMIN\"]'),
	(2,'Tom Doe','tom_admin','tom_admin@symfony.com','$2y$13$C8wGPj52cIeInwoJwENosOMjs6daxEx2yv39YPVNh44.GvVKDpgNS','[\"ROLE_ADMIN\"]'),
	(3,'John Doe','john_user','john_user@symfony.com','$2y$13$6l43KBKbt3XJeVm3eZgniuYr/6oWn2MxjWCgpLQ5Fuyu2g8uMX78W','[]');

INSERT INTO `wp_tag` (`id`, `name`)
VALUES
	(4,'adipiscing'),
	(3,'consectetur'),
	(8,'dolore'),
	(5,'incididunt'),
	(2,'ipsum'),
	(6,'labore'),
	(1,'lorem'),
	(9,'pariatur'),
	(10,'somereutum'),
	(7,'voluptate');

INSERT INTO `wp_post` (`id`, `user`, `title`, `slug`, `summary`, `content`, `published_at`)
VALUES
	(1,1,'Lorem ipsum dolor sit amet consectetur adipiscing elit','lorem-ipsum-dolor-sit-amet-consectetur-adipiscing-elit','Abnobas sunt hilotaes de placidus vita. Ut eleifend mauris et risus ultrices egestas. Vae humani generis. Silva de secundus galatae demitto quadra. Pellentesque vitae velit ex. Sunt accentores vitare salvus flavum parses.','Lorem ipsum dolor sit amet consectetur adipisicing elit, sed do eiusmod tempor\r\nincididunt ut labore et **dolore magna aliqua**: Duis aute irure dolor in\r\nreprehenderit in voluptate velit esse cillum dolore eu fugiat nulla pariatur.\r\nExcepteur sint occaecat cupidatat non proident, sunt in culpa qui officia\r\ndeserunt mollit anim id est laborum.  * Ut enim ad minim veniam\r\n  * Quis nostrud exercitation *ullamco laboris*\r\n  * Nisi ut aliquip ex ea commodo consequat\r\n\r\nPraesent id fermentum lorem. Ut est lorem, fringilla at accumsan nec, euismod at\r\nnunc. Aenean mattis sollicitudin mattis. Nullam pulvinar vestibulum bibendum.\r\nClass aptent taciti sociosqu ad litora torquent per conubia nostra, per inceptos\r\nhimenaeos. Fusce nulla purus, gravida ac interdum ut, blandit eget ex. Duis a\r\nluctus dolor.\r\n\r\nInteger auctor massa maximus nulla scelerisque accumsan. *Aliquam ac malesuada*\r\nex. Pellentesque tortor magna, vulputate eu vulputate ut, venenatis ac lectus.\r\nPraesent ut lacinia sem. Mauris a lectus eget felis mollis feugiat. Quisque\r\nefficitur, mi ut semper pulvinar, urna urna blandit massa, eget tincidunt augue\r\nnulla vitae est.\r\n\r\nUt posuere aliquet tincidunt. Aliquam erat volutpat. **Class aptent taciti**\r\nsociosqu ad litora torquent per conubia nostra, per inceptos himenaeos. Morbi\r\narcu orci, gravida eget aliquam eu, suscipit et ante. Morbi vulputate metus vel\r\nipsum finibus, ut dapibus massa feugiat. Vestibulum vel lobortis libero. Sed\r\ntincidunt tellus et viverra scelerisque. Pellentesque tincidunt cursus felis.\r\nSed in egestas erat.\r\n\r\nAliquam pulvinar interdum massa, vel ullamcorper ante consectetur eu. Vestibulum\r\nlacinia ac enim vel placerat. Integer pulvinar magna nec dui malesuada, nec\r\ncongue nisl dictum. Donec mollis nisl tortor, at congue erat consequat a. Nam\r\ntempus elit porta, blandit elit vel, viverra lorem. Sed sit amet tellus\r\ntincidunt, faucibus nisl in, aliquet libero.','2017-09-14 21:44:58'),
	(2,2,'In hac habitasse platea dictumst','in-hac-habitasse-platea-dictumst','Pellentesque vitae velit ex. Morbi tempus commodo mattis. Potus sensim ad ferox abnoba. Eros diam egestas libero eu vulputate risus. Mauris dapibus risus quis suscipit vulputate.','Lorem ipsum dolor sit amet consectetur adipisicing elit, sed do eiusmod tempor\nincididunt ut labore et **dolore magna aliqua**: Duis aute irure dolor in\nreprehenderit in voluptate velit esse cillum dolore eu fugiat nulla pariatur.\nExcepteur sint occaecat cupidatat non proident, sunt in culpa qui officia\ndeserunt mollit anim id est laborum.\n\n  * Ut enim ad minim veniam\n  * Quis nostrud exercitation *ullamco laboris*\n  * Nisi ut aliquip ex ea commodo consequat\n\nPraesent id fermentum lorem. Ut est lorem, fringilla at accumsan nec, euismod at\nnunc. Aenean mattis sollicitudin mattis. Nullam pulvinar vestibulum bibendum.\nClass aptent taciti sociosqu ad litora torquent per conubia nostra, per inceptos\nhimenaeos. Fusce nulla purus, gravida ac interdum ut, blandit eget ex. Duis a\nluctus dolor.\n\nInteger auctor massa maximus nulla scelerisque accumsan. *Aliquam ac malesuada*\nex. Pellentesque tortor magna, vulputate eu vulputate ut, venenatis ac lectus.\nPraesent ut lacinia sem. Mauris a lectus eget felis mollis feugiat. Quisque\nefficitur, mi ut semper pulvinar, urna urna blandit massa, eget tincidunt augue\nnulla vitae est.\n\nUt posuere aliquet tincidunt. Aliquam erat volutpat. **Class aptent taciti**\nsociosqu ad litora torquent per conubia nostra, per inceptos himenaeos. Morbi\narcu orci, gravida eget aliquam eu, suscipit et ante. Morbi vulputate metus vel\nipsum finibus, ut dapibus massa feugiat. Vestibulum vel lobortis libero. Sed\ntincidunt tellus et viverra scelerisque. Pellentesque tincidunt cursus felis.\nSed in egestas erat.\n\nAliquam pulvinar interdum massa, vel ullamcorper ante consectetur eu. Vestibulum\nlacinia ac enim vel placerat. Integer pulvinar magna nec dui malesuada, nec\ncongue nisl dictum. Donec mollis nisl tortor, at congue erat consequat a. Nam\ntempus elit porta, blandit elit vel, viverra lorem. Sed sit amet tellus\ntincidunt, faucibus nisl in, aliquet libero.','2017-09-12 21:44:59'),
	(3,2,'Curabitur aliquam euismod dolor non ornare','curabitur-aliquam-euismod-dolor-non-ornare','Urna nisl sollicitudin id varius orci quam id turpis. Morbi tempus commodo mattis. Lorem ipsum dolor sit amet consectetur adipiscing elit. Ubi est barbatus nix. Era brevis ratione est. Eposs sunt solems de superbus fortis.','Lorem ipsum dolor sit amet consectetur adipisicing elit, sed do eiusmod tempor\nincididunt ut labore et **dolore magna aliqua**: Duis aute irure dolor in\nreprehenderit in voluptate velit esse cillum dolore eu fugiat nulla pariatur.\nExcepteur sint occaecat cupidatat non proident, sunt in culpa qui officia\ndeserunt mollit anim id est laborum.\n\n  * Ut enim ad minim veniam\n  * Quis nostrud exercitation *ullamco laboris*\n  * Nisi ut aliquip ex ea commodo consequat\n\nPraesent id fermentum lorem. Ut est lorem, fringilla at accumsan nec, euismod at\nnunc. Aenean mattis sollicitudin mattis. Nullam pulvinar vestibulum bibendum.\nClass aptent taciti sociosqu ad litora torquent per conubia nostra, per inceptos\nhimenaeos. Fusce nulla purus, gravida ac interdum ut, blandit eget ex. Duis a\nluctus dolor.\n\nInteger auctor massa maximus nulla scelerisque accumsan. *Aliquam ac malesuada*\nex. Pellentesque tortor magna, vulputate eu vulputate ut, venenatis ac lectus.\nPraesent ut lacinia sem. Mauris a lectus eget felis mollis feugiat. Quisque\nefficitur, mi ut semper pulvinar, urna urna blandit massa, eget tincidunt augue\nnulla vitae est.\n\nUt posuere aliquet tincidunt. Aliquam erat volutpat. **Class aptent taciti**\nsociosqu ad litora torquent per conubia nostra, per inceptos himenaeos. Morbi\narcu orci, gravida eget aliquam eu, suscipit et ante. Morbi vulputate metus vel\nipsum finibus, ut dapibus massa feugiat. Vestibulum vel lobortis libero. Sed\ntincidunt tellus et viverra scelerisque. Pellentesque tincidunt cursus felis.\nSed in egestas erat.\n\nAliquam pulvinar interdum massa, vel ullamcorper ante consectetur eu. Vestibulum\nlacinia ac enim vel placerat. Integer pulvinar magna nec dui malesuada, nec\ncongue nisl dictum. Donec mollis nisl tortor, at congue erat consequat a. Nam\ntempus elit porta, blandit elit vel, viverra lorem. Sed sit amet tellus\ntincidunt, faucibus nisl in, aliquet libero.','2017-09-11 21:44:59'),
	(4,1,'Mineralis persuadere omnes finises desiderium','mineralis-persuadere-omnes-finises-desiderium','Era brevis ratione est. Eposs sunt solems de superbus fortis. Mineralis persuadere omnes finises desiderium. Ut suscipit posuere justo at vulputate. Teres talis saepe tractare de camerarius flavum sensorem. Aliquam sodales odio id eleifend tristique.','Lorem ipsum dolor sit amet consectetur adipisicing elit, sed do eiusmod tempor\nincididunt ut labore et **dolore magna aliqua**: Duis aute irure dolor in\nreprehenderit in voluptate velit esse cillum dolore eu fugiat nulla pariatur.\nExcepteur sint occaecat cupidatat non proident, sunt in culpa qui officia\ndeserunt mollit anim id est laborum.\n\n  * Ut enim ad minim veniam\n  * Quis nostrud exercitation *ullamco laboris*\n  * Nisi ut aliquip ex ea commodo consequat\n\nPraesent id fermentum lorem. Ut est lorem, fringilla at accumsan nec, euismod at\nnunc. Aenean mattis sollicitudin mattis. Nullam pulvinar vestibulum bibendum.\nClass aptent taciti sociosqu ad litora torquent per conubia nostra, per inceptos\nhimenaeos. Fusce nulla purus, gravida ac interdum ut, blandit eget ex. Duis a\nluctus dolor.\n\nInteger auctor massa maximus nulla scelerisque accumsan. *Aliquam ac malesuada*\nex. Pellentesque tortor magna, vulputate eu vulputate ut, venenatis ac lectus.\nPraesent ut lacinia sem. Mauris a lectus eget felis mollis feugiat. Quisque\nefficitur, mi ut semper pulvinar, urna urna blandit massa, eget tincidunt augue\nnulla vitae est.\n\nUt posuere aliquet tincidunt. Aliquam erat volutpat. **Class aptent taciti**\nsociosqu ad litora torquent per conubia nostra, per inceptos himenaeos. Morbi\narcu orci, gravida eget aliquam eu, suscipit et ante. Morbi vulputate metus vel\nipsum finibus, ut dapibus massa feugiat. Vestibulum vel lobortis libero. Sed\ntincidunt tellus et viverra scelerisque. Pellentesque tincidunt cursus felis.\nSed in egestas erat.\n\nAliquam pulvinar interdum massa, vel ullamcorper ante consectetur eu. Vestibulum\nlacinia ac enim vel placerat. Integer pulvinar magna nec dui malesuada, nec\ncongue nisl dictum. Donec mollis nisl tortor, at congue erat consequat a. Nam\ntempus elit porta, blandit elit vel, viverra lorem. Sed sit amet tellus\ntincidunt, faucibus nisl in, aliquet libero.','2017-09-10 21:44:59'),
	(5,2,'Bassus fatalis classiss virtualiter transferre de flavum','bassus-fatalis-classiss-virtualiter-transferre-de-flavum','Sunt torquises imitari velox mirabilis medicinaes. Mineralis persuadere omnes finises desiderium. Ubi est barbatus nix. Eposs sunt solems de superbus fortis. Morbi tempus commodo mattis. Curabitur aliquam euismod dolor non ornare.','Lorem ipsum dolor sit amet consectetur adipisicing elit, sed do eiusmod tempor\nincididunt ut labore et **dolore magna aliqua**: Duis aute irure dolor in\nreprehenderit in voluptate velit esse cillum dolore eu fugiat nulla pariatur.\nExcepteur sint occaecat cupidatat non proident, sunt in culpa qui officia\ndeserunt mollit anim id est laborum.\n\n  * Ut enim ad minim veniam\n  * Quis nostrud exercitation *ullamco laboris*\n  * Nisi ut aliquip ex ea commodo consequat\n\nPraesent id fermentum lorem. Ut est lorem, fringilla at accumsan nec, euismod at\nnunc. Aenean mattis sollicitudin mattis. Nullam pulvinar vestibulum bibendum.\nClass aptent taciti sociosqu ad litora torquent per conubia nostra, per inceptos\nhimenaeos. Fusce nulla purus, gravida ac interdum ut, blandit eget ex. Duis a\nluctus dolor.\n\nInteger auctor massa maximus nulla scelerisque accumsan. *Aliquam ac malesuada*\nex. Pellentesque tortor magna, vulputate eu vulputate ut, venenatis ac lectus.\nPraesent ut lacinia sem. Mauris a lectus eget felis mollis feugiat. Quisque\nefficitur, mi ut semper pulvinar, urna urna blandit massa, eget tincidunt augue\nnulla vitae est.\n\nUt posuere aliquet tincidunt. Aliquam erat volutpat. **Class aptent taciti**\nsociosqu ad litora torquent per conubia nostra, per inceptos himenaeos. Morbi\narcu orci, gravida eget aliquam eu, suscipit et ante. Morbi vulputate metus vel\nipsum finibus, ut dapibus massa feugiat. Vestibulum vel lobortis libero. Sed\ntincidunt tellus et viverra scelerisque. Pellentesque tincidunt cursus felis.\nSed in egestas erat.\n\nAliquam pulvinar interdum massa, vel ullamcorper ante consectetur eu. Vestibulum\nlacinia ac enim vel placerat. Integer pulvinar magna nec dui malesuada, nec\ncongue nisl dictum. Donec mollis nisl tortor, at congue erat consequat a. Nam\ntempus elit porta, blandit elit vel, viverra lorem. Sed sit amet tellus\ntincidunt, faucibus nisl in, aliquet libero.','2017-09-09 21:44:59'),
	(6,2,'Vae humani generis','vae-humani-generis','Ut suscipit posuere justo at vulputate. Nunc viverra elit ac laoreet suscipit. Diatrias tolerare tanquam noster caesium. Teres talis saepe tractare de camerarius flavum sensorem. Silva de secundus galatae demitto quadra.','Lorem ipsum dolor sit amet consectetur adipisicing elit, sed do eiusmod tempor\nincididunt ut labore et **dolore magna aliqua**: Duis aute irure dolor in\nreprehenderit in voluptate velit esse cillum dolore eu fugiat nulla pariatur.\nExcepteur sint occaecat cupidatat non proident, sunt in culpa qui officia\ndeserunt mollit anim id est laborum.\n\n  * Ut enim ad minim veniam\n  * Quis nostrud exercitation *ullamco laboris*\n  * Nisi ut aliquip ex ea commodo consequat\n\nPraesent id fermentum lorem. Ut est lorem, fringilla at accumsan nec, euismod at\nnunc. Aenean mattis sollicitudin mattis. Nullam pulvinar vestibulum bibendum.\nClass aptent taciti sociosqu ad litora torquent per conubia nostra, per inceptos\nhimenaeos. Fusce nulla purus, gravida ac interdum ut, blandit eget ex. Duis a\nluctus dolor.\n\nInteger auctor massa maximus nulla scelerisque accumsan. *Aliquam ac malesuada*\nex. Pellentesque tortor magna, vulputate eu vulputate ut, venenatis ac lectus.\nPraesent ut lacinia sem. Mauris a lectus eget felis mollis feugiat. Quisque\nefficitur, mi ut semper pulvinar, urna urna blandit massa, eget tincidunt augue\nnulla vitae est.\n\nUt posuere aliquet tincidunt. Aliquam erat volutpat. **Class aptent taciti**\nsociosqu ad litora torquent per conubia nostra, per inceptos himenaeos. Morbi\narcu orci, gravida eget aliquam eu, suscipit et ante. Morbi vulputate metus vel\nipsum finibus, ut dapibus massa feugiat. Vestibulum vel lobortis libero. Sed\ntincidunt tellus et viverra scelerisque. Pellentesque tincidunt cursus felis.\nSed in egestas erat.\n\nAliquam pulvinar interdum massa, vel ullamcorper ante consectetur eu. Vestibulum\nlacinia ac enim vel placerat. Integer pulvinar magna nec dui malesuada, nec\ncongue nisl dictum. Donec mollis nisl tortor, at congue erat consequat a. Nam\ntempus elit porta, blandit elit vel, viverra lorem. Sed sit amet tellus\ntincidunt, faucibus nisl in, aliquet libero.','2017-09-08 21:44:59'),
	(7,2,'Nunc viverra elit ac laoreet suscipit','nunc-viverra-elit-ac-laoreet-suscipit','Silva de secundus galatae demitto quadra. Nunc viverra elit ac laoreet suscipit. Curabitur aliquam euismod dolor non ornare. Sed varius a risus eget aliquam. Ut suscipit posuere justo at vulputate. Abnobas sunt hilotaes de placidus vita.','Lorem ipsum dolor sit amet consectetur adipisicing elit, sed do eiusmod tempor\nincididunt ut labore et **dolore magna aliqua**: Duis aute irure dolor in\nreprehenderit in voluptate velit esse cillum dolore eu fugiat nulla pariatur.\nExcepteur sint occaecat cupidatat non proident, sunt in culpa qui officia\ndeserunt mollit anim id est laborum.\n\n  * Ut enim ad minim veniam\n  * Quis nostrud exercitation *ullamco laboris*\n  * Nisi ut aliquip ex ea commodo consequat\n\nPraesent id fermentum lorem. Ut est lorem, fringilla at accumsan nec, euismod at\nnunc. Aenean mattis sollicitudin mattis. Nullam pulvinar vestibulum bibendum.\nClass aptent taciti sociosqu ad litora torquent per conubia nostra, per inceptos\nhimenaeos. Fusce nulla purus, gravida ac interdum ut, blandit eget ex. Duis a\nluctus dolor.\n\nInteger auctor massa maximus nulla scelerisque accumsan. *Aliquam ac malesuada*\nex. Pellentesque tortor magna, vulputate eu vulputate ut, venenatis ac lectus.\nPraesent ut lacinia sem. Mauris a lectus eget felis mollis feugiat. Quisque\nefficitur, mi ut semper pulvinar, urna urna blandit massa, eget tincidunt augue\nnulla vitae est.\n\nUt posuere aliquet tincidunt. Aliquam erat volutpat. **Class aptent taciti**\nsociosqu ad litora torquent per conubia nostra, per inceptos himenaeos. Morbi\narcu orci, gravida eget aliquam eu, suscipit et ante. Morbi vulputate metus vel\nipsum finibus, ut dapibus massa feugiat. Vestibulum vel lobortis libero. Sed\ntincidunt tellus et viverra scelerisque. Pellentesque tincidunt cursus felis.\nSed in egestas erat.\n\nAliquam pulvinar interdum massa, vel ullamcorper ante consectetur eu. Vestibulum\nlacinia ac enim vel placerat. Integer pulvinar magna nec dui malesuada, nec\ncongue nisl dictum. Donec mollis nisl tortor, at congue erat consequat a. Nam\ntempus elit porta, blandit elit vel, viverra lorem. Sed sit amet tellus\ntincidunt, faucibus nisl in, aliquet libero.','2017-09-07 21:44:59'),
	(8,2,'Pellentesque vitae velit ex','pellentesque-vitae-velit-ex','Ut suscipit posuere justo at vulputate. Aliquam sodales odio id eleifend tristique. Silva de secundus galatae demitto quadra. Eros diam egestas libero eu vulputate risus. Teres talis saepe tractare de camerarius flavum sensorem.','Lorem ipsum dolor sit amet consectetur adipisicing elit, sed do eiusmod tempor\nincididunt ut labore et **dolore magna aliqua**: Duis aute irure dolor in\nreprehenderit in voluptate velit esse cillum dolore eu fugiat nulla pariatur.\nExcepteur sint occaecat cupidatat non proident, sunt in culpa qui officia\ndeserunt mollit anim id est laborum.\n\n  * Ut enim ad minim veniam\n  * Quis nostrud exercitation *ullamco laboris*\n  * Nisi ut aliquip ex ea commodo consequat\n\nPraesent id fermentum lorem. Ut est lorem, fringilla at accumsan nec, euismod at\nnunc. Aenean mattis sollicitudin mattis. Nullam pulvinar vestibulum bibendum.\nClass aptent taciti sociosqu ad litora torquent per conubia nostra, per inceptos\nhimenaeos. Fusce nulla purus, gravida ac interdum ut, blandit eget ex. Duis a\nluctus dolor.\n\nInteger auctor massa maximus nulla scelerisque accumsan. *Aliquam ac malesuada*\nex. Pellentesque tortor magna, vulputate eu vulputate ut, venenatis ac lectus.\nPraesent ut lacinia sem. Mauris a lectus eget felis mollis feugiat. Quisque\nefficitur, mi ut semper pulvinar, urna urna blandit massa, eget tincidunt augue\nnulla vitae est.\n\nUt posuere aliquet tincidunt. Aliquam erat volutpat. **Class aptent taciti**\nsociosqu ad litora torquent per conubia nostra, per inceptos himenaeos. Morbi\narcu orci, gravida eget aliquam eu, suscipit et ante. Morbi vulputate metus vel\nipsum finibus, ut dapibus massa feugiat. Vestibulum vel lobortis libero. Sed\ntincidunt tellus et viverra scelerisque. Pellentesque tincidunt cursus felis.\nSed in egestas erat.\n\nAliquam pulvinar interdum massa, vel ullamcorper ante consectetur eu. Vestibulum\nlacinia ac enim vel placerat. Integer pulvinar magna nec dui malesuada, nec\ncongue nisl dictum. Donec mollis nisl tortor, at congue erat consequat a. Nam\ntempus elit porta, blandit elit vel, viverra lorem. Sed sit amet tellus\ntincidunt, faucibus nisl in, aliquet libero.','2017-09-06 21:44:59'),
	(9,2,'Sunt accentores vitare salvus flavum parses','sunt-accentores-vitare-salvus-flavum-parses','Ubi est audax amicitia. Sunt seculaes transferre talis camerarius fluctuies. Teres talis saepe tractare de camerarius flavum sensorem. Mauris dapibus risus quis suscipit vulputate. Pellentesque et sapien pulvinar consectetur.','Lorem ipsum dolor sit amet consectetur adipisicing elit, sed do eiusmod tempor\nincididunt ut labore et **dolore magna aliqua**: Duis aute irure dolor in\nreprehenderit in voluptate velit esse cillum dolore eu fugiat nulla pariatur.\nExcepteur sint occaecat cupidatat non proident, sunt in culpa qui officia\ndeserunt mollit anim id est laborum.\n\n  * Ut enim ad minim veniam\n  * Quis nostrud exercitation *ullamco laboris*\n  * Nisi ut aliquip ex ea commodo consequat\n\nPraesent id fermentum lorem. Ut est lorem, fringilla at accumsan nec, euismod at\nnunc. Aenean mattis sollicitudin mattis. Nullam pulvinar vestibulum bibendum.\nClass aptent taciti sociosqu ad litora torquent per conubia nostra, per inceptos\nhimenaeos. Fusce nulla purus, gravida ac interdum ut, blandit eget ex. Duis a\nluctus dolor.\n\nInteger auctor massa maximus nulla scelerisque accumsan. *Aliquam ac malesuada*\nex. Pellentesque tortor magna, vulputate eu vulputate ut, venenatis ac lectus.\nPraesent ut lacinia sem. Mauris a lectus eget felis mollis feugiat. Quisque\nefficitur, mi ut semper pulvinar, urna urna blandit massa, eget tincidunt augue\nnulla vitae est.\n\nUt posuere aliquet tincidunt. Aliquam erat volutpat. **Class aptent taciti**\nsociosqu ad litora torquent per conubia nostra, per inceptos himenaeos. Morbi\narcu orci, gravida eget aliquam eu, suscipit et ante. Morbi vulputate metus vel\nipsum finibus, ut dapibus massa feugiat. Vestibulum vel lobortis libero. Sed\ntincidunt tellus et viverra scelerisque. Pellentesque tincidunt cursus felis.\nSed in egestas erat.\n\nAliquam pulvinar interdum massa, vel ullamcorper ante consectetur eu. Vestibulum\nlacinia ac enim vel placerat. Integer pulvinar magna nec dui malesuada, nec\ncongue nisl dictum. Donec mollis nisl tortor, at congue erat consequat a. Nam\ntempus elit porta, blandit elit vel, viverra lorem. Sed sit amet tellus\ntincidunt, faucibus nisl in, aliquet libero.','2017-09-05 21:44:59'),
	(10,2,'Sed varius a risus eget aliquam','sed-varius-a-risus-eget-aliquam','Sunt seculaes transferre talis camerarius fluctuies. Vae humani generis. Sunt accentores vitare salvus flavum parses. Bassus fatalis classiss virtualiter transferre de flavum. Pellentesque vitae velit ex.','Lorem ipsum dolor sit amet consectetur adipisicing elit, sed do eiusmod tempor\nincididunt ut labore et **dolore magna aliqua**: Duis aute irure dolor in\nreprehenderit in voluptate velit esse cillum dolore eu fugiat nulla pariatur.\nExcepteur sint occaecat cupidatat non proident, sunt in culpa qui officia\ndeserunt mollit anim id est laborum.\n\n  * Ut enim ad minim veniam\n  * Quis nostrud exercitation *ullamco laboris*\n  * Nisi ut aliquip ex ea commodo consequat\n\nPraesent id fermentum lorem. Ut est lorem, fringilla at accumsan nec, euismod at\nnunc. Aenean mattis sollicitudin mattis. Nullam pulvinar vestibulum bibendum.\nClass aptent taciti sociosqu ad litora torquent per conubia nostra, per inceptos\nhimenaeos. Fusce nulla purus, gravida ac interdum ut, blandit eget ex. Duis a\nluctus dolor.\n\nInteger auctor massa maximus nulla scelerisque accumsan. *Aliquam ac malesuada*\nex. Pellentesque tortor magna, vulputate eu vulputate ut, venenatis ac lectus.\nPraesent ut lacinia sem. Mauris a lectus eget felis mollis feugiat. Quisque\nefficitur, mi ut semper pulvinar, urna urna blandit massa, eget tincidunt augue\nnulla vitae est.\n\nUt posuere aliquet tincidunt. Aliquam erat volutpat. **Class aptent taciti**\nsociosqu ad litora torquent per conubia nostra, per inceptos himenaeos. Morbi\narcu orci, gravida eget aliquam eu, suscipit et ante. Morbi vulputate metus vel\nipsum finibus, ut dapibus massa feugiat. Vestibulum vel lobortis libero. Sed\ntincidunt tellus et viverra scelerisque. Pellentesque tincidunt cursus felis.\nSed in egestas erat.\n\nAliquam pulvinar interdum massa, vel ullamcorper ante consectetur eu. Vestibulum\nlacinia ac enim vel placerat. Integer pulvinar magna nec dui malesuada, nec\ncongue nisl dictum. Donec mollis nisl tortor, at congue erat consequat a. Nam\ntempus elit porta, blandit elit vel, viverra lorem. Sed sit amet tellus\ntincidunt, faucibus nisl in, aliquet libero.','2017-09-04 21:44:59'),
	(11,1,'Sunt seculaes transferre talis camerarius fluctuies','sunt-seculaes-transferre-talis-camerarius-fluctuies','Potus sensim ad ferox abnoba. Sunt seculaes transferre talis camerarius fluctuies. Mineralis persuadere omnes finises desiderium. Nunc viverra elit ac laoreet suscipit. Sunt torquises imitari velox mirabilis medicinaes. Vae humani generis.','Lorem ipsum dolor sit amet consectetur adipisicing elit, sed do eiusmod tempor\nincididunt ut labore et **dolore magna aliqua**: Duis aute irure dolor in\nreprehenderit in voluptate velit esse cillum dolore eu fugiat nulla pariatur.\nExcepteur sint occaecat cupidatat non proident, sunt in culpa qui officia\ndeserunt mollit anim id est laborum.\n\n  * Ut enim ad minim veniam\n  * Quis nostrud exercitation *ullamco laboris*\n  * Nisi ut aliquip ex ea commodo consequat\n\nPraesent id fermentum lorem. Ut est lorem, fringilla at accumsan nec, euismod at\nnunc. Aenean mattis sollicitudin mattis. Nullam pulvinar vestibulum bibendum.\nClass aptent taciti sociosqu ad litora torquent per conubia nostra, per inceptos\nhimenaeos. Fusce nulla purus, gravida ac interdum ut, blandit eget ex. Duis a\nluctus dolor.\n\nInteger auctor massa maximus nulla scelerisque accumsan. *Aliquam ac malesuada*\nex. Pellentesque tortor magna, vulputate eu vulputate ut, venenatis ac lectus.\nPraesent ut lacinia sem. Mauris a lectus eget felis mollis feugiat. Quisque\nefficitur, mi ut semper pulvinar, urna urna blandit massa, eget tincidunt augue\nnulla vitae est.\n\nUt posuere aliquet tincidunt. Aliquam erat volutpat. **Class aptent taciti**\nsociosqu ad litora torquent per conubia nostra, per inceptos himenaeos. Morbi\narcu orci, gravida eget aliquam eu, suscipit et ante. Morbi vulputate metus vel\nipsum finibus, ut dapibus massa feugiat. Vestibulum vel lobortis libero. Sed\ntincidunt tellus et viverra scelerisque. Pellentesque tincidunt cursus felis.\nSed in egestas erat.\n\nAliquam pulvinar interdum massa, vel ullamcorper ante consectetur eu. Vestibulum\nlacinia ac enim vel placerat. Integer pulvinar magna nec dui malesuada, nec\ncongue nisl dictum. Donec mollis nisl tortor, at congue erat consequat a. Nam\ntempus elit porta, blandit elit vel, viverra lorem. Sed sit amet tellus\ntincidunt, faucibus nisl in, aliquet libero.','2017-09-03 21:44:59'),
	(12,2,'Diatrias tolerare tanquam noster caesium','diatrias-tolerare-tanquam-noster-caesium','Sunt torquises imitari velox mirabilis medicinaes. Mauris dapibus risus quis suscipit vulputate. Bassus fatalis classiss virtualiter transferre de flavum. Ubi est barbatus nix. Silva de secundus galatae demitto quadra. Potus sensim ad ferox abnoba.','Lorem ipsum dolor sit amet consectetur adipisicing elit, sed do eiusmod tempor\nincididunt ut labore et **dolore magna aliqua**: Duis aute irure dolor in\nreprehenderit in voluptate velit esse cillum dolore eu fugiat nulla pariatur.\nExcepteur sint occaecat cupidatat non proident, sunt in culpa qui officia\ndeserunt mollit anim id est laborum.\n\n  * Ut enim ad minim veniam\n  * Quis nostrud exercitation *ullamco laboris*\n  * Nisi ut aliquip ex ea commodo consequat\n\nPraesent id fermentum lorem. Ut est lorem, fringilla at accumsan nec, euismod at\nnunc. Aenean mattis sollicitudin mattis. Nullam pulvinar vestibulum bibendum.\nClass aptent taciti sociosqu ad litora torquent per conubia nostra, per inceptos\nhimenaeos. Fusce nulla purus, gravida ac interdum ut, blandit eget ex. Duis a\nluctus dolor.\n\nInteger auctor massa maximus nulla scelerisque accumsan. *Aliquam ac malesuada*\nex. Pellentesque tortor magna, vulputate eu vulputate ut, venenatis ac lectus.\nPraesent ut lacinia sem. Mauris a lectus eget felis mollis feugiat. Quisque\nefficitur, mi ut semper pulvinar, urna urna blandit massa, eget tincidunt augue\nnulla vitae est.\n\nUt posuere aliquet tincidunt. Aliquam erat volutpat. **Class aptent taciti**\nsociosqu ad litora torquent per conubia nostra, per inceptos himenaeos. Morbi\narcu orci, gravida eget aliquam eu, suscipit et ante. Morbi vulputate metus vel\nipsum finibus, ut dapibus massa feugiat. Vestibulum vel lobortis libero. Sed\ntincidunt tellus et viverra scelerisque. Pellentesque tincidunt cursus felis.\nSed in egestas erat.\n\nAliquam pulvinar interdum massa, vel ullamcorper ante consectetur eu. Vestibulum\nlacinia ac enim vel placerat. Integer pulvinar magna nec dui malesuada, nec\ncongue nisl dictum. Donec mollis nisl tortor, at congue erat consequat a. Nam\ntempus elit porta, blandit elit vel, viverra lorem. Sed sit amet tellus\ntincidunt, faucibus nisl in, aliquet libero.','2017-09-02 21:44:59'),
	(13,1,'Potus sensim ad ferox abnoba','potus-sensim-ad-ferox-abnoba','Ut eleifend mauris et risus ultrices egestas. Vae humani generis. Nunc viverra elit ac laoreet suscipit. Urna nisl sollicitudin id varius orci quam id turpis. Era brevis ratione est. Nulla porta lobortis ligula vel egestas.','Lorem ipsum dolor sit amet consectetur adipisicing elit, sed do eiusmod tempor\nincididunt ut labore et **dolore magna aliqua**: Duis aute irure dolor in\nreprehenderit in voluptate velit esse cillum dolore eu fugiat nulla pariatur.\nExcepteur sint occaecat cupidatat non proident, sunt in culpa qui officia\ndeserunt mollit anim id est laborum.\n\n  * Ut enim ad minim veniam\n  * Quis nostrud exercitation *ullamco laboris*\n  * Nisi ut aliquip ex ea commodo consequat\n\nPraesent id fermentum lorem. Ut est lorem, fringilla at accumsan nec, euismod at\nnunc. Aenean mattis sollicitudin mattis. Nullam pulvinar vestibulum bibendum.\nClass aptent taciti sociosqu ad litora torquent per conubia nostra, per inceptos\nhimenaeos. Fusce nulla purus, gravida ac interdum ut, blandit eget ex. Duis a\nluctus dolor.\n\nInteger auctor massa maximus nulla scelerisque accumsan. *Aliquam ac malesuada*\nex. Pellentesque tortor magna, vulputate eu vulputate ut, venenatis ac lectus.\nPraesent ut lacinia sem. Mauris a lectus eget felis mollis feugiat. Quisque\nefficitur, mi ut semper pulvinar, urna urna blandit massa, eget tincidunt augue\nnulla vitae est.\n\nUt posuere aliquet tincidunt. Aliquam erat volutpat. **Class aptent taciti**\nsociosqu ad litora torquent per conubia nostra, per inceptos himenaeos. Morbi\narcu orci, gravida eget aliquam eu, suscipit et ante. Morbi vulputate metus vel\nipsum finibus, ut dapibus massa feugiat. Vestibulum vel lobortis libero. Sed\ntincidunt tellus et viverra scelerisque. Pellentesque tincidunt cursus felis.\nSed in egestas erat.\n\nAliquam pulvinar interdum massa, vel ullamcorper ante consectetur eu. Vestibulum\nlacinia ac enim vel placerat. Integer pulvinar magna nec dui malesuada, nec\ncongue nisl dictum. Donec mollis nisl tortor, at congue erat consequat a. Nam\ntempus elit porta, blandit elit vel, viverra lorem. Sed sit amet tellus\ntincidunt, faucibus nisl in, aliquet libero.','2017-09-01 21:44:59'),
	(14,1,'Teres talis saepe tractare de camerarius flavum sensorem','teres-talis-saepe-tractare-de-camerarius-flavum-sensorem','In hac habitasse platea dictumst. Sunt torquises imitari velox mirabilis medicinaes. Ut suscipit posuere justo at vulputate. Abnobas sunt hilotaes de placidus vita. Ubi est audax amicitia. Ut eleifend mauris et risus ultrices egestas.','Lorem ipsum dolor sit amet consectetur adipisicing elit, sed do eiusmod tempor\nincididunt ut labore et **dolore magna aliqua**: Duis aute irure dolor in\nreprehenderit in voluptate velit esse cillum dolore eu fugiat nulla pariatur.\nExcepteur sint occaecat cupidatat non proident, sunt in culpa qui officia\ndeserunt mollit anim id est laborum.\n\n  * Ut enim ad minim veniam\n  * Quis nostrud exercitation *ullamco laboris*\n  * Nisi ut aliquip ex ea commodo consequat\n\nPraesent id fermentum lorem. Ut est lorem, fringilla at accumsan nec, euismod at\nnunc. Aenean mattis sollicitudin mattis. Nullam pulvinar vestibulum bibendum.\nClass aptent taciti sociosqu ad litora torquent per conubia nostra, per inceptos\nhimenaeos. Fusce nulla purus, gravida ac interdum ut, blandit eget ex. Duis a\nluctus dolor.\n\nInteger auctor massa maximus nulla scelerisque accumsan. *Aliquam ac malesuada*\nex. Pellentesque tortor magna, vulputate eu vulputate ut, venenatis ac lectus.\nPraesent ut lacinia sem. Mauris a lectus eget felis mollis feugiat. Quisque\nefficitur, mi ut semper pulvinar, urna urna blandit massa, eget tincidunt augue\nnulla vitae est.\n\nUt posuere aliquet tincidunt. Aliquam erat volutpat. **Class aptent taciti**\nsociosqu ad litora torquent per conubia nostra, per inceptos himenaeos. Morbi\narcu orci, gravida eget aliquam eu, suscipit et ante. Morbi vulputate metus vel\nipsum finibus, ut dapibus massa feugiat. Vestibulum vel lobortis libero. Sed\ntincidunt tellus et viverra scelerisque. Pellentesque tincidunt cursus felis.\nSed in egestas erat.\n\nAliquam pulvinar interdum massa, vel ullamcorper ante consectetur eu. Vestibulum\nlacinia ac enim vel placerat. Integer pulvinar magna nec dui malesuada, nec\ncongue nisl dictum. Donec mollis nisl tortor, at congue erat consequat a. Nam\ntempus elit porta, blandit elit vel, viverra lorem. Sed sit amet tellus\ntincidunt, faucibus nisl in, aliquet libero.','2017-08-31 21:44:59'),
	(15,2,'Era brevis ratione est','era-brevis-ratione-est','Sed varius a risus eget aliquam. Sunt seculaes transferre talis camerarius fluctuies. Ut suscipit posuere justo at vulputate. Potus sensim ad ferox abnoba. Abnobas sunt hilotaes de placidus vita. Lorem ipsum dolor sit amet consectetur adipiscing elit.','Lorem ipsum dolor sit amet consectetur adipisicing elit, sed do eiusmod tempor\nincididunt ut labore et **dolore magna aliqua**: Duis aute irure dolor in\nreprehenderit in voluptate velit esse cillum dolore eu fugiat nulla pariatur.\nExcepteur sint occaecat cupidatat non proident, sunt in culpa qui officia\ndeserunt mollit anim id est laborum.\n\n  * Ut enim ad minim veniam\n  * Quis nostrud exercitation *ullamco laboris*\n  * Nisi ut aliquip ex ea commodo consequat\n\nPraesent id fermentum lorem. Ut est lorem, fringilla at accumsan nec, euismod at\nnunc. Aenean mattis sollicitudin mattis. Nullam pulvinar vestibulum bibendum.\nClass aptent taciti sociosqu ad litora torquent per conubia nostra, per inceptos\nhimenaeos. Fusce nulla purus, gravida ac interdum ut, blandit eget ex. Duis a\nluctus dolor.\n\nInteger auctor massa maximus nulla scelerisque accumsan. *Aliquam ac malesuada*\nex. Pellentesque tortor magna, vulputate eu vulputate ut, venenatis ac lectus.\nPraesent ut lacinia sem. Mauris a lectus eget felis mollis feugiat. Quisque\nefficitur, mi ut semper pulvinar, urna urna blandit massa, eget tincidunt augue\nnulla vitae est.\n\nUt posuere aliquet tincidunt. Aliquam erat volutpat. **Class aptent taciti**\nsociosqu ad litora torquent per conubia nostra, per inceptos himenaeos. Morbi\narcu orci, gravida eget aliquam eu, suscipit et ante. Morbi vulputate metus vel\nipsum finibus, ut dapibus massa feugiat. Vestibulum vel lobortis libero. Sed\ntincidunt tellus et viverra scelerisque. Pellentesque tincidunt cursus felis.\nSed in egestas erat.\n\nAliquam pulvinar interdum massa, vel ullamcorper ante consectetur eu. Vestibulum\nlacinia ac enim vel placerat. Integer pulvinar magna nec dui malesuada, nec\ncongue nisl dictum. Donec mollis nisl tortor, at congue erat consequat a. Nam\ntempus elit porta, blandit elit vel, viverra lorem. Sed sit amet tellus\ntincidunt, faucibus nisl in, aliquet libero.','2017-08-30 21:44:59'),
	(16,2,'Sunt torquises imitari velox mirabilis medicinaes','sunt-torquises-imitari-velox-mirabilis-medicinaes','Pellentesque vitae velit ex. Teres talis saepe tractare de camerarius flavum sensorem. Lorem ipsum dolor sit amet consectetur adipiscing elit. Nulla porta lobortis ligula vel egestas. Mauris dapibus risus quis suscipit vulputate.','Lorem ipsum dolor sit amet consectetur adipisicing elit, sed do eiusmod tempor\nincididunt ut labore et **dolore magna aliqua**: Duis aute irure dolor in\nreprehenderit in voluptate velit esse cillum dolore eu fugiat nulla pariatur.\nExcepteur sint occaecat cupidatat non proident, sunt in culpa qui officia\ndeserunt mollit anim id est laborum.\n\n  * Ut enim ad minim veniam\n  * Quis nostrud exercitation *ullamco laboris*\n  * Nisi ut aliquip ex ea commodo consequat\n\nPraesent id fermentum lorem. Ut est lorem, fringilla at accumsan nec, euismod at\nnunc. Aenean mattis sollicitudin mattis. Nullam pulvinar vestibulum bibendum.\nClass aptent taciti sociosqu ad litora torquent per conubia nostra, per inceptos\nhimenaeos. Fusce nulla purus, gravida ac interdum ut, blandit eget ex. Duis a\nluctus dolor.\n\nInteger auctor massa maximus nulla scelerisque accumsan. *Aliquam ac malesuada*\nex. Pellentesque tortor magna, vulputate eu vulputate ut, venenatis ac lectus.\nPraesent ut lacinia sem. Mauris a lectus eget felis mollis feugiat. Quisque\nefficitur, mi ut semper pulvinar, urna urna blandit massa, eget tincidunt augue\nnulla vitae est.\n\nUt posuere aliquet tincidunt. Aliquam erat volutpat. **Class aptent taciti**\nsociosqu ad litora torquent per conubia nostra, per inceptos himenaeos. Morbi\narcu orci, gravida eget aliquam eu, suscipit et ante. Morbi vulputate metus vel\nipsum finibus, ut dapibus massa feugiat. Vestibulum vel lobortis libero. Sed\ntincidunt tellus et viverra scelerisque. Pellentesque tincidunt cursus felis.\nSed in egestas erat.\n\nAliquam pulvinar interdum massa, vel ullamcorper ante consectetur eu. Vestibulum\nlacinia ac enim vel placerat. Integer pulvinar magna nec dui malesuada, nec\ncongue nisl dictum. Donec mollis nisl tortor, at congue erat consequat a. Nam\ntempus elit porta, blandit elit vel, viverra lorem. Sed sit amet tellus\ntincidunt, faucibus nisl in, aliquet libero.','2017-08-29 21:44:59'),
	(17,1,'Eposs sunt solems de superbus fortis','eposs-sunt-solems-de-superbus-fortis','Potus sensim ad ferox abnoba. Abnobas sunt hilotaes de placidus vita. Ut eleifend mauris et risus ultrices egestas. Teres talis saepe tractare de camerarius flavum sensorem. Sunt accentores vitare salvus flavum parses.','Lorem ipsum dolor sit amet consectetur adipisicing elit, sed do eiusmod tempor\nincididunt ut labore et **dolore magna aliqua**: Duis aute irure dolor in\nreprehenderit in voluptate velit esse cillum dolore eu fugiat nulla pariatur.\nExcepteur sint occaecat cupidatat non proident, sunt in culpa qui officia\ndeserunt mollit anim id est laborum.\n\n  * Ut enim ad minim veniam\n  * Quis nostrud exercitation *ullamco laboris*\n  * Nisi ut aliquip ex ea commodo consequat\n\nPraesent id fermentum lorem. Ut est lorem, fringilla at accumsan nec, euismod at\nnunc. Aenean mattis sollicitudin mattis. Nullam pulvinar vestibulum bibendum.\nClass aptent taciti sociosqu ad litora torquent per conubia nostra, per inceptos\nhimenaeos. Fusce nulla purus, gravida ac interdum ut, blandit eget ex. Duis a\nluctus dolor.\n\nInteger auctor massa maximus nulla scelerisque accumsan. *Aliquam ac malesuada*\nex. Pellentesque tortor magna, vulputate eu vulputate ut, venenatis ac lectus.\nPraesent ut lacinia sem. Mauris a lectus eget felis mollis feugiat. Quisque\nefficitur, mi ut semper pulvinar, urna urna blandit massa, eget tincidunt augue\nnulla vitae est.\n\nUt posuere aliquet tincidunt. Aliquam erat volutpat. **Class aptent taciti**\nsociosqu ad litora torquent per conubia nostra, per inceptos himenaeos. Morbi\narcu orci, gravida eget aliquam eu, suscipit et ante. Morbi vulputate metus vel\nipsum finibus, ut dapibus massa feugiat. Vestibulum vel lobortis libero. Sed\ntincidunt tellus et viverra scelerisque. Pellentesque tincidunt cursus felis.\nSed in egestas erat.\n\nAliquam pulvinar interdum massa, vel ullamcorper ante consectetur eu. Vestibulum\nlacinia ac enim vel placerat. Integer pulvinar magna nec dui malesuada, nec\ncongue nisl dictum. Donec mollis nisl tortor, at congue erat consequat a. Nam\ntempus elit porta, blandit elit vel, viverra lorem. Sed sit amet tellus\ntincidunt, faucibus nisl in, aliquet libero.','2017-08-28 21:44:59'),
	(18,2,'Morbi tempus commodo mattis','morbi-tempus-commodo-mattis','Ut eleifend mauris et risus ultrices egestas. Lorem ipsum dolor sit amet consectetur adipiscing elit. Silva de secundus galatae demitto quadra. Bassus fatalis classiss virtualiter transferre de flavum. Morbi tempus commodo mattis.','Lorem ipsum dolor sit amet consectetur adipisicing elit, sed do eiusmod tempor\nincididunt ut labore et **dolore magna aliqua**: Duis aute irure dolor in\nreprehenderit in voluptate velit esse cillum dolore eu fugiat nulla pariatur.\nExcepteur sint occaecat cupidatat non proident, sunt in culpa qui officia\ndeserunt mollit anim id est laborum.\n\n  * Ut enim ad minim veniam\n  * Quis nostrud exercitation *ullamco laboris*\n  * Nisi ut aliquip ex ea commodo consequat\n\nPraesent id fermentum lorem. Ut est lorem, fringilla at accumsan nec, euismod at\nnunc. Aenean mattis sollicitudin mattis. Nullam pulvinar vestibulum bibendum.\nClass aptent taciti sociosqu ad litora torquent per conubia nostra, per inceptos\nhimenaeos. Fusce nulla purus, gravida ac interdum ut, blandit eget ex. Duis a\nluctus dolor.\n\nInteger auctor massa maximus nulla scelerisque accumsan. *Aliquam ac malesuada*\nex. Pellentesque tortor magna, vulputate eu vulputate ut, venenatis ac lectus.\nPraesent ut lacinia sem. Mauris a lectus eget felis mollis feugiat. Quisque\nefficitur, mi ut semper pulvinar, urna urna blandit massa, eget tincidunt augue\nnulla vitae est.\n\nUt posuere aliquet tincidunt. Aliquam erat volutpat. **Class aptent taciti**\nsociosqu ad litora torquent per conubia nostra, per inceptos himenaeos. Morbi\narcu orci, gravida eget aliquam eu, suscipit et ante. Morbi vulputate metus vel\nipsum finibus, ut dapibus massa feugiat. Vestibulum vel lobortis libero. Sed\ntincidunt tellus et viverra scelerisque. Pellentesque tincidunt cursus felis.\nSed in egestas erat.\n\nAliquam pulvinar interdum massa, vel ullamcorper ante consectetur eu. Vestibulum\nlacinia ac enim vel placerat. Integer pulvinar magna nec dui malesuada, nec\ncongue nisl dictum. Donec mollis nisl tortor, at congue erat consequat a. Nam\ntempus elit porta, blandit elit vel, viverra lorem. Sed sit amet tellus\ntincidunt, faucibus nisl in, aliquet libero.','2017-08-27 21:44:59'),
	(19,1,'Abnobas sunt hilotaes de placidus vita','abnobas-sunt-hilotaes-de-placidus-vita','Urna nisl sollicitudin id varius orci quam id turpis. Mineralis persuadere omnes finises desiderium. Pellentesque vitae velit ex. Ut eleifend mauris et risus ultrices egestas. Sunt accentores vitare salvus flavum parses.','Lorem ipsum dolor sit amet consectetur adipisicing elit, sed do eiusmod tempor\nincididunt ut labore et **dolore magna aliqua**: Duis aute irure dolor in\nreprehenderit in voluptate velit esse cillum dolore eu fugiat nulla pariatur.\nExcepteur sint occaecat cupidatat non proident, sunt in culpa qui officia\ndeserunt mollit anim id est laborum.\n\n  * Ut enim ad minim veniam\n  * Quis nostrud exercitation *ullamco laboris*\n  * Nisi ut aliquip ex ea commodo consequat\n\nPraesent id fermentum lorem. Ut est lorem, fringilla at accumsan nec, euismod at\nnunc. Aenean mattis sollicitudin mattis. Nullam pulvinar vestibulum bibendum.\nClass aptent taciti sociosqu ad litora torquent per conubia nostra, per inceptos\nhimenaeos. Fusce nulla purus, gravida ac interdum ut, blandit eget ex. Duis a\nluctus dolor.\n\nInteger auctor massa maximus nulla scelerisque accumsan. *Aliquam ac malesuada*\nex. Pellentesque tortor magna, vulputate eu vulputate ut, venenatis ac lectus.\nPraesent ut lacinia sem. Mauris a lectus eget felis mollis feugiat. Quisque\nefficitur, mi ut semper pulvinar, urna urna blandit massa, eget tincidunt augue\nnulla vitae est.\n\nUt posuere aliquet tincidunt. Aliquam erat volutpat. **Class aptent taciti**\nsociosqu ad litora torquent per conubia nostra, per inceptos himenaeos. Morbi\narcu orci, gravida eget aliquam eu, suscipit et ante. Morbi vulputate metus vel\nipsum finibus, ut dapibus massa feugiat. Vestibulum vel lobortis libero. Sed\ntincidunt tellus et viverra scelerisque. Pellentesque tincidunt cursus felis.\nSed in egestas erat.\n\nAliquam pulvinar interdum massa, vel ullamcorper ante consectetur eu. Vestibulum\nlacinia ac enim vel placerat. Integer pulvinar magna nec dui malesuada, nec\ncongue nisl dictum. Donec mollis nisl tortor, at congue erat consequat a. Nam\ntempus elit porta, blandit elit vel, viverra lorem. Sed sit amet tellus\ntincidunt, faucibus nisl in, aliquet libero.','2017-08-26 21:44:59'),
	(20,2,'Aliquam sodales odio id eleifend tristique','aliquam-sodales-odio-id-eleifend-tristique','Urna nisl sollicitudin id varius orci quam id turpis. Nunc viverra elit ac laoreet suscipit. Pellentesque vitae velit ex. Nulla porta lobortis ligula vel egestas. Lorem ipsum dolor sit amet consectetur adipiscing elit. Morbi tempus commodo mattis.','Lorem ipsum dolor sit amet consectetur adipisicing elit, sed do eiusmod tempor\nincididunt ut labore et **dolore magna aliqua**: Duis aute irure dolor in\nreprehenderit in voluptate velit esse cillum dolore eu fugiat nulla pariatur.\nExcepteur sint occaecat cupidatat non proident, sunt in culpa qui officia\ndeserunt mollit anim id est laborum.\n\n  * Ut enim ad minim veniam\n  * Quis nostrud exercitation *ullamco laboris*\n  * Nisi ut aliquip ex ea commodo consequat\n\nPraesent id fermentum lorem. Ut est lorem, fringilla at accumsan nec, euismod at\nnunc. Aenean mattis sollicitudin mattis. Nullam pulvinar vestibulum bibendum.\nClass aptent taciti sociosqu ad litora torquent per conubia nostra, per inceptos\nhimenaeos. Fusce nulla purus, gravida ac interdum ut, blandit eget ex. Duis a\nluctus dolor.\n\nInteger auctor massa maximus nulla scelerisque accumsan. *Aliquam ac malesuada*\nex. Pellentesque tortor magna, vulputate eu vulputate ut, venenatis ac lectus.\nPraesent ut lacinia sem. Mauris a lectus eget felis mollis feugiat. Quisque\nefficitur, mi ut semper pulvinar, urna urna blandit massa, eget tincidunt augue\nnulla vitae est.\n\nUt posuere aliquet tincidunt. Aliquam erat volutpat. **Class aptent taciti**\nsociosqu ad litora torquent per conubia nostra, per inceptos himenaeos. Morbi\narcu orci, gravida eget aliquam eu, suscipit et ante. Morbi vulputate metus vel\nipsum finibus, ut dapibus massa feugiat. Vestibulum vel lobortis libero. Sed\ntincidunt tellus et viverra scelerisque. Pellentesque tincidunt cursus felis.\nSed in egestas erat.\n\nAliquam pulvinar interdum massa, vel ullamcorper ante consectetur eu. Vestibulum\nlacinia ac enim vel placerat. Integer pulvinar magna nec dui malesuada, nec\ncongue nisl dictum. Donec mollis nisl tortor, at congue erat consequat a. Nam\ntempus elit porta, blandit elit vel, viverra lorem. Sed sit amet tellus\ntincidunt, faucibus nisl in, aliquet libero.','2017-08-25 21:44:59'),
	(21,2,'Eros diam egestas libero eu vulputate risus','eros-diam-egestas-libero-eu-vulputate-risus','Ut eleifend mauris et risus ultrices egestas. Silva de secundus galatae demitto quadra. Vae humani generis. Sed varius a risus eget aliquam. Nunc viverra elit ac laoreet suscipit. Mauris dapibus risus quis suscipit vulputate.','Lorem ipsum dolor sit amet consectetur adipisicing elit, sed do eiusmod tempor\nincididunt ut labore et **dolore magna aliqua**: Duis aute irure dolor in\nreprehenderit in voluptate velit esse cillum dolore eu fugiat nulla pariatur.\nExcepteur sint occaecat cupidatat non proident, sunt in culpa qui officia\ndeserunt mollit anim id est laborum.\n\n  * Ut enim ad minim veniam\n  * Quis nostrud exercitation *ullamco laboris*\n  * Nisi ut aliquip ex ea commodo consequat\n\nPraesent id fermentum lorem. Ut est lorem, fringilla at accumsan nec, euismod at\nnunc. Aenean mattis sollicitudin mattis. Nullam pulvinar vestibulum bibendum.\nClass aptent taciti sociosqu ad litora torquent per conubia nostra, per inceptos\nhimenaeos. Fusce nulla purus, gravida ac interdum ut, blandit eget ex. Duis a\nluctus dolor.\n\nInteger auctor massa maximus nulla scelerisque accumsan. *Aliquam ac malesuada*\nex. Pellentesque tortor magna, vulputate eu vulputate ut, venenatis ac lectus.\nPraesent ut lacinia sem. Mauris a lectus eget felis mollis feugiat. Quisque\nefficitur, mi ut semper pulvinar, urna urna blandit massa, eget tincidunt augue\nnulla vitae est.\n\nUt posuere aliquet tincidunt. Aliquam erat volutpat. **Class aptent taciti**\nsociosqu ad litora torquent per conubia nostra, per inceptos himenaeos. Morbi\narcu orci, gravida eget aliquam eu, suscipit et ante. Morbi vulputate metus vel\nipsum finibus, ut dapibus massa feugiat. Vestibulum vel lobortis libero. Sed\ntincidunt tellus et viverra scelerisque. Pellentesque tincidunt cursus felis.\nSed in egestas erat.\n\nAliquam pulvinar interdum massa, vel ullamcorper ante consectetur eu. Vestibulum\nlacinia ac enim vel placerat. Integer pulvinar magna nec dui malesuada, nec\ncongue nisl dictum. Donec mollis nisl tortor, at congue erat consequat a. Nam\ntempus elit porta, blandit elit vel, viverra lorem. Sed sit amet tellus\ntincidunt, faucibus nisl in, aliquet libero.','2017-08-24 21:44:59'),
	(22,2,'Ubi est barbatus nix','ubi-est-barbatus-nix','Sunt torquises imitari velox mirabilis medicinaes. Potus sensim ad ferox abnoba. Vae humani generis. Silva de secundus galatae demitto quadra. Era brevis ratione est. Eposs sunt solems de superbus fortis. Morbi tempus commodo mattis.','Lorem ipsum dolor sit amet consectetur adipisicing elit, sed do eiusmod tempor\nincididunt ut labore et **dolore magna aliqua**: Duis aute irure dolor in\nreprehenderit in voluptate velit esse cillum dolore eu fugiat nulla pariatur.\nExcepteur sint occaecat cupidatat non proident, sunt in culpa qui officia\ndeserunt mollit anim id est laborum.\n\n  * Ut enim ad minim veniam\n  * Quis nostrud exercitation *ullamco laboris*\n  * Nisi ut aliquip ex ea commodo consequat\n\nPraesent id fermentum lorem. Ut est lorem, fringilla at accumsan nec, euismod at\nnunc. Aenean mattis sollicitudin mattis. Nullam pulvinar vestibulum bibendum.\nClass aptent taciti sociosqu ad litora torquent per conubia nostra, per inceptos\nhimenaeos. Fusce nulla purus, gravida ac interdum ut, blandit eget ex. Duis a\nluctus dolor.\n\nInteger auctor massa maximus nulla scelerisque accumsan. *Aliquam ac malesuada*\nex. Pellentesque tortor magna, vulputate eu vulputate ut, venenatis ac lectus.\nPraesent ut lacinia sem. Mauris a lectus eget felis mollis feugiat. Quisque\nefficitur, mi ut semper pulvinar, urna urna blandit massa, eget tincidunt augue\nnulla vitae est.\n\nUt posuere aliquet tincidunt. Aliquam erat volutpat. **Class aptent taciti**\nsociosqu ad litora torquent per conubia nostra, per inceptos himenaeos. Morbi\narcu orci, gravida eget aliquam eu, suscipit et ante. Morbi vulputate metus vel\nipsum finibus, ut dapibus massa feugiat. Vestibulum vel lobortis libero. Sed\ntincidunt tellus et viverra scelerisque. Pellentesque tincidunt cursus felis.\nSed in egestas erat.\n\nAliquam pulvinar interdum massa, vel ullamcorper ante consectetur eu. Vestibulum\nlacinia ac enim vel placerat. Integer pulvinar magna nec dui malesuada, nec\ncongue nisl dictum. Donec mollis nisl tortor, at congue erat consequat a. Nam\ntempus elit porta, blandit elit vel, viverra lorem. Sed sit amet tellus\ntincidunt, faucibus nisl in, aliquet libero.','2017-08-23 21:44:59'),
	(23,1,'Ut eleifend mauris et risus ultrices egestas','ut-eleifend-mauris-et-risus-ultrices-egestas','Eros diam egestas libero eu vulputate risus. Pellentesque vitae velit ex. Ubi est audax amicitia. In hac habitasse platea dictumst. Sed varius a risus eget aliquam. Mauris dapibus risus quis suscipit vulputate.','Lorem ipsum dolor sit amet consectetur adipisicing elit, sed do eiusmod tempor\nincididunt ut labore et **dolore magna aliqua**: Duis aute irure dolor in\nreprehenderit in voluptate velit esse cillum dolore eu fugiat nulla pariatur.\nExcepteur sint occaecat cupidatat non proident, sunt in culpa qui officia\ndeserunt mollit anim id est laborum.\n\n  * Ut enim ad minim veniam\n  * Quis nostrud exercitation *ullamco laboris*\n  * Nisi ut aliquip ex ea commodo consequat\n\nPraesent id fermentum lorem. Ut est lorem, fringilla at accumsan nec, euismod at\nnunc. Aenean mattis sollicitudin mattis. Nullam pulvinar vestibulum bibendum.\nClass aptent taciti sociosqu ad litora torquent per conubia nostra, per inceptos\nhimenaeos. Fusce nulla purus, gravida ac interdum ut, blandit eget ex. Duis a\nluctus dolor.\n\nInteger auctor massa maximus nulla scelerisque accumsan. *Aliquam ac malesuada*\nex. Pellentesque tortor magna, vulputate eu vulputate ut, venenatis ac lectus.\nPraesent ut lacinia sem. Mauris a lectus eget felis mollis feugiat. Quisque\nefficitur, mi ut semper pulvinar, urna urna blandit massa, eget tincidunt augue\nnulla vitae est.\n\nUt posuere aliquet tincidunt. Aliquam erat volutpat. **Class aptent taciti**\nsociosqu ad litora torquent per conubia nostra, per inceptos himenaeos. Morbi\narcu orci, gravida eget aliquam eu, suscipit et ante. Morbi vulputate metus vel\nipsum finibus, ut dapibus massa feugiat. Vestibulum vel lobortis libero. Sed\ntincidunt tellus et viverra scelerisque. Pellentesque tincidunt cursus felis.\nSed in egestas erat.\n\nAliquam pulvinar interdum massa, vel ullamcorper ante consectetur eu. Vestibulum\nlacinia ac enim vel placerat. Integer pulvinar magna nec dui malesuada, nec\ncongue nisl dictum. Donec mollis nisl tortor, at congue erat consequat a. Nam\ntempus elit porta, blandit elit vel, viverra lorem. Sed sit amet tellus\ntincidunt, faucibus nisl in, aliquet libero.','2017-08-22 21:44:59'),
	(24,1,'Ubi est audax amicitia','ubi-est-audax-amicitia','Bassus fatalis classiss virtualiter transferre de flavum. Morbi tempus commodo mattis. Ubi est barbatus nix. Urna nisl sollicitudin id varius orci quam id turpis. Era brevis ratione est. Mauris dapibus risus quis suscipit vulputate.','Lorem ipsum dolor sit amet consectetur adipisicing elit, sed do eiusmod tempor\nincididunt ut labore et **dolore magna aliqua**: Duis aute irure dolor in\nreprehenderit in voluptate velit esse cillum dolore eu fugiat nulla pariatur.\nExcepteur sint occaecat cupidatat non proident, sunt in culpa qui officia\ndeserunt mollit anim id est laborum.\n\n  * Ut enim ad minim veniam\n  * Quis nostrud exercitation *ullamco laboris*\n  * Nisi ut aliquip ex ea commodo consequat\n\nPraesent id fermentum lorem. Ut est lorem, fringilla at accumsan nec, euismod at\nnunc. Aenean mattis sollicitudin mattis. Nullam pulvinar vestibulum bibendum.\nClass aptent taciti sociosqu ad litora torquent per conubia nostra, per inceptos\nhimenaeos. Fusce nulla purus, gravida ac interdum ut, blandit eget ex. Duis a\nluctus dolor.\n\nInteger auctor massa maximus nulla scelerisque accumsan. *Aliquam ac malesuada*\nex. Pellentesque tortor magna, vulputate eu vulputate ut, venenatis ac lectus.\nPraesent ut lacinia sem. Mauris a lectus eget felis mollis feugiat. Quisque\nefficitur, mi ut semper pulvinar, urna urna blandit massa, eget tincidunt augue\nnulla vitae est.\n\nUt posuere aliquet tincidunt. Aliquam erat volutpat. **Class aptent taciti**\nsociosqu ad litora torquent per conubia nostra, per inceptos himenaeos. Morbi\narcu orci, gravida eget aliquam eu, suscipit et ante. Morbi vulputate metus vel\nipsum finibus, ut dapibus massa feugiat. Vestibulum vel lobortis libero. Sed\ntincidunt tellus et viverra scelerisque. Pellentesque tincidunt cursus felis.\nSed in egestas erat.\n\nAliquam pulvinar interdum massa, vel ullamcorper ante consectetur eu. Vestibulum\nlacinia ac enim vel placerat. Integer pulvinar magna nec dui malesuada, nec\ncongue nisl dictum. Donec mollis nisl tortor, at congue erat consequat a. Nam\ntempus elit porta, blandit elit vel, viverra lorem. Sed sit amet tellus\ntincidunt, faucibus nisl in, aliquet libero.','2017-08-21 21:44:59'),
	(25,1,'Urna nisl sollicitudin id varius orci quam id turpis','urna-nisl-sollicitudin-id-varius-orci-quam-id-turpis','Abnobas sunt hilotaes de placidus vita. Sunt seculaes transferre talis camerarius fluctuies. Diatrias tolerare tanquam noster caesium. Vae humani generis. Era brevis ratione est. Nulla porta lobortis ligula vel egestas.','Lorem ipsum dolor sit amet consectetur adipisicing elit, sed do eiusmod tempor\nincididunt ut labore et **dolore magna aliqua**: Duis aute irure dolor in\nreprehenderit in voluptate velit esse cillum dolore eu fugiat nulla pariatur.\nExcepteur sint occaecat cupidatat non proident, sunt in culpa qui officia\ndeserunt mollit anim id est laborum.\n\n  * Ut enim ad minim veniam\n  * Quis nostrud exercitation *ullamco laboris*\n  * Nisi ut aliquip ex ea commodo consequat\n\nPraesent id fermentum lorem. Ut est lorem, fringilla at accumsan nec, euismod at\nnunc. Aenean mattis sollicitudin mattis. Nullam pulvinar vestibulum bibendum.\nClass aptent taciti sociosqu ad litora torquent per conubia nostra, per inceptos\nhimenaeos. Fusce nulla purus, gravida ac interdum ut, blandit eget ex. Duis a\nluctus dolor.\n\nInteger auctor massa maximus nulla scelerisque accumsan. *Aliquam ac malesuada*\nex. Pellentesque tortor magna, vulputate eu vulputate ut, venenatis ac lectus.\nPraesent ut lacinia sem. Mauris a lectus eget felis mollis feugiat. Quisque\nefficitur, mi ut semper pulvinar, urna urna blandit massa, eget tincidunt augue\nnulla vitae est.\n\nUt posuere aliquet tincidunt. Aliquam erat volutpat. **Class aptent taciti**\nsociosqu ad litora torquent per conubia nostra, per inceptos himenaeos. Morbi\narcu orci, gravida eget aliquam eu, suscipit et ante. Morbi vulputate metus vel\nipsum finibus, ut dapibus massa feugiat. Vestibulum vel lobortis libero. Sed\ntincidunt tellus et viverra scelerisque. Pellentesque tincidunt cursus felis.\nSed in egestas erat.\n\nAliquam pulvinar interdum massa, vel ullamcorper ante consectetur eu. Vestibulum\nlacinia ac enim vel placerat. Integer pulvinar magna nec dui malesuada, nec\ncongue nisl dictum. Donec mollis nisl tortor, at congue erat consequat a. Nam\ntempus elit porta, blandit elit vel, viverra lorem. Sed sit amet tellus\ntincidunt, faucibus nisl in, aliquet libero.','2017-08-20 21:44:59'),
	(26,1,'Nulla porta lobortis ligula vel egestas','nulla-porta-lobortis-ligula-vel-egestas','Diatrias tolerare tanquam noster caesium. Potus sensim ad ferox abnoba. Ubi est barbatus nix. Pellentesque vitae velit ex. Vae humani generis. Silva de secundus galatae demitto quadra. Ut suscipit posuere justo at vulputate.','Lorem ipsum dolor sit amet consectetur adipisicing elit, sed do eiusmod tempor\nincididunt ut labore et **dolore magna aliqua**: Duis aute irure dolor in\nreprehenderit in voluptate velit esse cillum dolore eu fugiat nulla pariatur.\nExcepteur sint occaecat cupidatat non proident, sunt in culpa qui officia\ndeserunt mollit anim id est laborum.\n\n  * Ut enim ad minim veniam\n  * Quis nostrud exercitation *ullamco laboris*\n  * Nisi ut aliquip ex ea commodo consequat\n\nPraesent id fermentum lorem. Ut est lorem, fringilla at accumsan nec, euismod at\nnunc. Aenean mattis sollicitudin mattis. Nullam pulvinar vestibulum bibendum.\nClass aptent taciti sociosqu ad litora torquent per conubia nostra, per inceptos\nhimenaeos. Fusce nulla purus, gravida ac interdum ut, blandit eget ex. Duis a\nluctus dolor.\n\nInteger auctor massa maximus nulla scelerisque accumsan. *Aliquam ac malesuada*\nex. Pellentesque tortor magna, vulputate eu vulputate ut, venenatis ac lectus.\nPraesent ut lacinia sem. Mauris a lectus eget felis mollis feugiat. Quisque\nefficitur, mi ut semper pulvinar, urna urna blandit massa, eget tincidunt augue\nnulla vitae est.\n\nUt posuere aliquet tincidunt. Aliquam erat volutpat. **Class aptent taciti**\nsociosqu ad litora torquent per conubia nostra, per inceptos himenaeos. Morbi\narcu orci, gravida eget aliquam eu, suscipit et ante. Morbi vulputate metus vel\nipsum finibus, ut dapibus massa feugiat. Vestibulum vel lobortis libero. Sed\ntincidunt tellus et viverra scelerisque. Pellentesque tincidunt cursus felis.\nSed in egestas erat.\n\nAliquam pulvinar interdum massa, vel ullamcorper ante consectetur eu. Vestibulum\nlacinia ac enim vel placerat. Integer pulvinar magna nec dui malesuada, nec\ncongue nisl dictum. Donec mollis nisl tortor, at congue erat consequat a. Nam\ntempus elit porta, blandit elit vel, viverra lorem. Sed sit amet tellus\ntincidunt, faucibus nisl in, aliquet libero.','2017-08-19 21:44:59'),
	(27,1,'Silva de secundus galatae demitto quadra','silva-de-secundus-galatae-demitto-quadra','Teres talis saepe tractare de camerarius flavum sensorem. Mineralis persuadere omnes finises desiderium. Diatrias tolerare tanquam noster caesium. Ut suscipit posuere justo at vulputate. Potus sensim ad ferox abnoba.','Lorem ipsum dolor sit amet consectetur adipisicing elit, sed do eiusmod tempor\nincididunt ut labore et **dolore magna aliqua**: Duis aute irure dolor in\nreprehenderit in voluptate velit esse cillum dolore eu fugiat nulla pariatur.\nExcepteur sint occaecat cupidatat non proident, sunt in culpa qui officia\ndeserunt mollit anim id est laborum.\n\n  * Ut enim ad minim veniam\n  * Quis nostrud exercitation *ullamco laboris*\n  * Nisi ut aliquip ex ea commodo consequat\n\nPraesent id fermentum lorem. Ut est lorem, fringilla at accumsan nec, euismod at\nnunc. Aenean mattis sollicitudin mattis. Nullam pulvinar vestibulum bibendum.\nClass aptent taciti sociosqu ad litora torquent per conubia nostra, per inceptos\nhimenaeos. Fusce nulla purus, gravida ac interdum ut, blandit eget ex. Duis a\nluctus dolor.\n\nInteger auctor massa maximus nulla scelerisque accumsan. *Aliquam ac malesuada*\nex. Pellentesque tortor magna, vulputate eu vulputate ut, venenatis ac lectus.\nPraesent ut lacinia sem. Mauris a lectus eget felis mollis feugiat. Quisque\nefficitur, mi ut semper pulvinar, urna urna blandit massa, eget tincidunt augue\nnulla vitae est.\n\nUt posuere aliquet tincidunt. Aliquam erat volutpat. **Class aptent taciti**\nsociosqu ad litora torquent per conubia nostra, per inceptos himenaeos. Morbi\narcu orci, gravida eget aliquam eu, suscipit et ante. Morbi vulputate metus vel\nipsum finibus, ut dapibus massa feugiat. Vestibulum vel lobortis libero. Sed\ntincidunt tellus et viverra scelerisque. Pellentesque tincidunt cursus felis.\nSed in egestas erat.\n\nAliquam pulvinar interdum massa, vel ullamcorper ante consectetur eu. Vestibulum\nlacinia ac enim vel placerat. Integer pulvinar magna nec dui malesuada, nec\ncongue nisl dictum. Donec mollis nisl tortor, at congue erat consequat a. Nam\ntempus elit porta, blandit elit vel, viverra lorem. Sed sit amet tellus\ntincidunt, faucibus nisl in, aliquet libero.','2017-08-18 21:44:59'),
	(28,2,'Ut suscipit posuere justo at vulputate','ut-suscipit-posuere-justo-at-vulputate','Ubi est audax amicitia. Era brevis ratione est. Eros diam egestas libero eu vulputate risus. Mauris dapibus risus quis suscipit vulputate. Pellentesque vitae velit ex. Nulla porta lobortis ligula vel egestas. Aliquam sodales odio id eleifend tristique.','Lorem ipsum dolor sit amet consectetur adipisicing elit, sed do eiusmod tempor\nincididunt ut labore et **dolore magna aliqua**: Duis aute irure dolor in\nreprehenderit in voluptate velit esse cillum dolore eu fugiat nulla pariatur.\nExcepteur sint occaecat cupidatat non proident, sunt in culpa qui officia\ndeserunt mollit anim id est laborum.\n\n  * Ut enim ad minim veniam\n  * Quis nostrud exercitation *ullamco laboris*\n  * Nisi ut aliquip ex ea commodo consequat\n\nPraesent id fermentum lorem. Ut est lorem, fringilla at accumsan nec, euismod at\nnunc. Aenean mattis sollicitudin mattis. Nullam pulvinar vestibulum bibendum.\nClass aptent taciti sociosqu ad litora torquent per conubia nostra, per inceptos\nhimenaeos. Fusce nulla purus, gravida ac interdum ut, blandit eget ex. Duis a\nluctus dolor.\n\nInteger auctor massa maximus nulla scelerisque accumsan. *Aliquam ac malesuada*\nex. Pellentesque tortor magna, vulputate eu vulputate ut, venenatis ac lectus.\nPraesent ut lacinia sem. Mauris a lectus eget felis mollis feugiat. Quisque\nefficitur, mi ut semper pulvinar, urna urna blandit massa, eget tincidunt augue\nnulla vitae est.\n\nUt posuere aliquet tincidunt. Aliquam erat volutpat. **Class aptent taciti**\nsociosqu ad litora torquent per conubia nostra, per inceptos himenaeos. Morbi\narcu orci, gravida eget aliquam eu, suscipit et ante. Morbi vulputate metus vel\nipsum finibus, ut dapibus massa feugiat. Vestibulum vel lobortis libero. Sed\ntincidunt tellus et viverra scelerisque. Pellentesque tincidunt cursus felis.\nSed in egestas erat.\n\nAliquam pulvinar interdum massa, vel ullamcorper ante consectetur eu. Vestibulum\nlacinia ac enim vel placerat. Integer pulvinar magna nec dui malesuada, nec\ncongue nisl dictum. Donec mollis nisl tortor, at congue erat consequat a. Nam\ntempus elit porta, blandit elit vel, viverra lorem. Sed sit amet tellus\ntincidunt, faucibus nisl in, aliquet libero.','2017-08-17 21:44:59'),
	(29,2,'Mauris dapibus risus quis suscipit vulputate','mauris-dapibus-risus-quis-suscipit-vulputate','Pellentesque et sapien pulvinar consectetur. Morbi tempus commodo mattis. Diatrias tolerare tanquam noster caesium. Nunc viverra elit ac laoreet suscipit. Aliquam sodales odio id eleifend tristique. Eposs sunt solems de superbus fortis.','Lorem ipsum dolor sit amet consectetur adipisicing elit, sed do eiusmod tempor\nincididunt ut labore et **dolore magna aliqua**: Duis aute irure dolor in\nreprehenderit in voluptate velit esse cillum dolore eu fugiat nulla pariatur.\nExcepteur sint occaecat cupidatat non proident, sunt in culpa qui officia\ndeserunt mollit anim id est laborum.\n\n  * Ut enim ad minim veniam\n  * Quis nostrud exercitation *ullamco laboris*\n  * Nisi ut aliquip ex ea commodo consequat\n\nPraesent id fermentum lorem. Ut est lorem, fringilla at accumsan nec, euismod at\nnunc. Aenean mattis sollicitudin mattis. Nullam pulvinar vestibulum bibendum.\nClass aptent taciti sociosqu ad litora torquent per conubia nostra, per inceptos\nhimenaeos. Fusce nulla purus, gravida ac interdum ut, blandit eget ex. Duis a\nluctus dolor.\n\nInteger auctor massa maximus nulla scelerisque accumsan. *Aliquam ac malesuada*\nex. Pellentesque tortor magna, vulputate eu vulputate ut, venenatis ac lectus.\nPraesent ut lacinia sem. Mauris a lectus eget felis mollis feugiat. Quisque\nefficitur, mi ut semper pulvinar, urna urna blandit massa, eget tincidunt augue\nnulla vitae est.\n\nUt posuere aliquet tincidunt. Aliquam erat volutpat. **Class aptent taciti**\nsociosqu ad litora torquent per conubia nostra, per inceptos himenaeos. Morbi\narcu orci, gravida eget aliquam eu, suscipit et ante. Morbi vulputate metus vel\nipsum finibus, ut dapibus massa feugiat. Vestibulum vel lobortis libero. Sed\ntincidunt tellus et viverra scelerisque. Pellentesque tincidunt cursus felis.\nSed in egestas erat.\n\nAliquam pulvinar interdum massa, vel ullamcorper ante consectetur eu. Vestibulum\nlacinia ac enim vel placerat. Integer pulvinar magna nec dui malesuada, nec\ncongue nisl dictum. Donec mollis nisl tortor, at congue erat consequat a. Nam\ntempus elit porta, blandit elit vel, viverra lorem. Sed sit amet tellus\ntincidunt, faucibus nisl in, aliquet libero.','2017-08-16 21:44:59'),
	(30,1,'Pellentesque et sapien pulvinar consectetur','pellentesque-et-sapien-pulvinar-consectetur','Nunc viverra elit ac laoreet suscipit. Diatrias tolerare tanquam noster caesium. Mauris dapibus risus quis suscipit vulputate. Vae humani generis. Ut eleifend mauris et risus ultrices egestas. Bassus fatalis classiss virtualiter transferre de flavum.','Lorem ipsum dolor sit amet consectetur adipisicing elit, sed do eiusmod tempor\nincididunt ut labore et **dolore magna aliqua**: Duis aute irure dolor in\nreprehenderit in voluptate velit esse cillum dolore eu fugiat nulla pariatur.\nExcepteur sint occaecat cupidatat non proident, sunt in culpa qui officia\ndeserunt mollit anim id est laborum.\n\n  * Ut enim ad minim veniam\n  * Quis nostrud exercitation *ullamco laboris*\n  * Nisi ut aliquip ex ea commodo consequat\n\nPraesent id fermentum lorem. Ut est lorem, fringilla at accumsan nec, euismod at\nnunc. Aenean mattis sollicitudin mattis. Nullam pulvinar vestibulum bibendum.\nClass aptent taciti sociosqu ad litora torquent per conubia nostra, per inceptos\nhimenaeos. Fusce nulla purus, gravida ac interdum ut, blandit eget ex. Duis a\nluctus dolor.\n\nInteger auctor massa maximus nulla scelerisque accumsan. *Aliquam ac malesuada*\nex. Pellentesque tortor magna, vulputate eu vulputate ut, venenatis ac lectus.\nPraesent ut lacinia sem. Mauris a lectus eget felis mollis feugiat. Quisque\nefficitur, mi ut semper pulvinar, urna urna blandit massa, eget tincidunt augue\nnulla vitae est.\n\nUt posuere aliquet tincidunt. Aliquam erat volutpat. **Class aptent taciti**\nsociosqu ad litora torquent per conubia nostra, per inceptos himenaeos. Morbi\narcu orci, gravida eget aliquam eu, suscipit et ante. Morbi vulputate metus vel\nipsum finibus, ut dapibus massa feugiat. Vestibulum vel lobortis libero. Sed\ntincidunt tellus et viverra scelerisque. Pellentesque tincidunt cursus felis.\nSed in egestas erat.\n\nAliquam pulvinar interdum massa, vel ullamcorper ante consectetur eu. Vestibulum\nlacinia ac enim vel placerat. Integer pulvinar magna nec dui malesuada, nec\ncongue nisl dictum. Donec mollis nisl tortor, at congue erat consequat a. Nam\ntempus elit porta, blandit elit vel, viverra lorem. Sed sit amet tellus\ntincidunt, faucibus nisl in, aliquet libero.','2017-08-15 21:44:59');

INSERT INTO `wp_comment` (`id`, `post`, `user`, `content`, `published_at`)
VALUES
	(1,1,3,'Morbi tempus commodo mattis Silva de secundus galatae demitto quadra Sunt torquises imitari velox mirabilis medicinaes Mauris dapibus risus quis suscipit vulputate Sunt seculaes transferre talis camerarius fluctuies Lorem ipsum dolor sit amet consectetur adipiscing elit Sed varius a risus eget aliquam','2017-09-13 21:45:00'),
	(2,1,3,'Pellentesque vitae velit ex Diatrias tolerare tanquam noster caesium Era brevis ratione est Sed varius a risus eget aliquam Ubi est barbatus nix Nulla porta lobortis ligula vel egestas Sunt seculaes transferre talis camerarius fluctuies Eposs sunt solems de superbus fortis Vae humani generis Silva de secundus galatae demitto quadra Curabitur aliquam euismod dolor non ornare','2017-09-13 21:45:01'),
	(3,1,3,'Curabitur aliquam euismod dolor non ornare Pellentesque et sapien pulvinar consectetur Urna nisl sollicitudin id varius orci quam id turpis Sunt accentores vitare salvus flavum parses Abnobas sunt hilotaes de placidus vita Ubi est barbatus nix Sed varius a risus eget aliquam In hac habitasse platea dictumst Eros diam egestas libero eu vulputate risus Nulla porta lobortis ligula vel egestas','2017-09-13 21:45:02'),
	(4,1,3,'Bassus fatalis classiss virtualiter transferre de flavum Lorem ipsum dolor sit amet consectetur adipiscing elit Urna nisl sollicitudin id varius orci quam id turpis','2017-09-13 21:45:03'),
	(5,1,3,'Silva de secundus galatae demitto quadra Potus sensim ad ferox abnoba Nulla porta lobortis ligula vel egestas Urna nisl sollicitudin id varius orci quam id turpis Sunt torquises imitari velox mirabilis medicinaes Pellentesque vitae velit ex Nunc viverra elit ac laoreet suscipit Sunt accentores vitare salvus flavum parses','2017-09-13 21:45:04'),
	(6,2,3,'Sunt seculaes transferre talis camerarius fluctuies Eposs sunt solems de superbus fortis Ubi est barbatus nix Potus sensim ad ferox abnoba In hac habitasse platea dictumst Sunt accentores vitare salvus flavum parses Aliquam sodales odio id eleifend tristique Teres talis saepe tractare de camerarius flavum sensorem Vae humani generis Nulla porta lobortis ligula vel egestas Mauris dapibus risus quis suscipit vulputate Nunc viverra elit ac laoreet suscipit Morbi tempus commodo mattis','2017-09-13 21:45:01'),
	(7,2,3,'In hac habitasse platea dictumst Potus sensim ad ferox abnoba Ubi est audax amicitia Diatrias tolerare tanquam noster caesium Eros diam egestas libero eu vulputate risus Vae humani generis Eposs sunt solems de superbus fortis Sed varius a risus eget aliquam','2017-09-13 21:45:02'),
	(8,2,3,'Urna nisl sollicitudin id varius orci quam id turpis Silva de secundus galatae demitto quadra Sunt torquises imitari velox mirabilis medicinaes Potus sensim ad ferox abnoba Era brevis ratione est Mauris dapibus risus quis suscipit vulputate Sed varius a risus eget aliquam','2017-09-13 21:45:03'),
	(9,2,3,'Nunc viverra elit ac laoreet suscipit Pellentesque et sapien pulvinar consectetur Urna nisl sollicitudin id varius orci quam id turpis Vae humani generis Eros diam egestas libero eu vulputate risus Curabitur aliquam euismod dolor non ornare Mineralis persuadere omnes finises desiderium Lorem ipsum dolor sit amet consectetur adipiscing elit Eposs sunt solems de superbus fortis Silva de secundus galatae demitto quadra Morbi tempus commodo mattis Ubi est barbatus nix Potus sensim ad ferox abnoba','2017-09-13 21:45:04'),
	(10,2,3,'Eros diam egestas libero eu vulputate risus Sunt seculaes transferre talis camerarius fluctuies Diatrias tolerare tanquam noster caesium Pellentesque vitae velit ex Sed varius a risus eget aliquam Ut suscipit posuere justo at vulputate','2017-09-13 21:45:05'),
	(11,3,3,'Aliquam sodales odio id eleifend tristique Silva de secundus galatae demitto quadra Abnobas sunt hilotaes de placidus vita In hac habitasse platea dictumst Era brevis ratione est Sed varius a risus eget aliquam Pellentesque et sapien pulvinar consectetur','2017-09-13 21:45:02'),
	(12,3,3,'Era brevis ratione est In hac habitasse platea dictumst Silva de secundus galatae demitto quadra','2017-09-13 21:45:03'),
	(13,3,3,'Mineralis persuadere omnes finises desiderium Potus sensim ad ferox abnoba Mauris dapibus risus quis suscipit vulputate Ut eleifend mauris et risus ultrices egestas Teres talis saepe tractare de camerarius flavum sensorem Sunt accentores vitare salvus flavum parses','2017-09-13 21:45:04'),
	(14,3,3,'Silva de secundus galatae demitto quadra Ut eleifend mauris et risus ultrices egestas Sunt torquises imitari velox mirabilis medicinaes Era brevis ratione est Curabitur aliquam euismod dolor non ornare Abnobas sunt hilotaes de placidus vita','2017-09-13 21:45:05'),
	(15,3,3,'Aliquam sodales odio id eleifend tristique Nunc viverra elit ac laoreet suscipit Sunt torquises imitari velox mirabilis medicinaes Potus sensim ad ferox abnoba Silva de secundus galatae demitto quadra Teres talis saepe tractare de camerarius flavum sensorem Vae humani generis Curabitur aliquam euismod dolor non ornare Ubi est barbatus nix Eposs sunt solems de superbus fortis Ubi est audax amicitia Bassus fatalis classiss virtualiter transferre de flavum Morbi tempus commodo mattis','2017-09-13 21:45:06'),
	(16,4,3,'Sunt torquises imitari velox mirabilis medicinaes Lorem ipsum dolor sit amet consectetur adipiscing elit Ut eleifend mauris et risus ultrices egestas Eposs sunt solems de superbus fortis Curabitur aliquam euismod dolor non ornare','2017-09-13 21:45:03'),
	(17,4,3,'Mauris dapibus risus quis suscipit vulputate Ut suscipit posuere justo at vulputate Ubi est audax amicitia Era brevis ratione est Lorem ipsum dolor sit amet consectetur adipiscing elit Pellentesque vitae velit ex Mineralis persuadere omnes finises desiderium','2017-09-13 21:45:04'),
	(18,4,3,'Nunc viverra elit ac laoreet suscipit Sunt seculaes transferre talis camerarius fluctuies In hac habitasse platea dictumst','2017-09-13 21:45:05'),
	(19,4,3,'Morbi tempus commodo mattis Pellentesque vitae velit ex Ubi est audax amicitia In hac habitasse platea dictumst','2017-09-13 21:45:06'),
	(20,4,3,'Sunt seculaes transferre talis camerarius fluctuies Era brevis ratione est Morbi tempus commodo mattis Eposs sunt solems de superbus fortis Eros diam egestas libero eu vulputate risus','2017-09-13 21:45:07'),
	(21,5,3,'Morbi tempus commodo mattis Eros diam egestas libero eu vulputate risus Urna nisl sollicitudin id varius orci quam id turpis Sunt seculaes transferre talis camerarius fluctuies Teres talis saepe tractare de camerarius flavum sensorem Mauris dapibus risus quis suscipit vulputate Sunt torquises imitari velox mirabilis medicinaes','2017-09-13 21:45:04'),
	(22,5,3,'Sunt accentores vitare salvus flavum parses Ut eleifend mauris et risus ultrices egestas Ubi est barbatus nix Vae humani generis Teres talis saepe tractare de camerarius flavum sensorem Pellentesque vitae velit ex','2017-09-13 21:45:05'),
	(23,5,3,'Ubi est barbatus nix Abnobas sunt hilotaes de placidus vita Mineralis persuadere omnes finises desiderium Diatrias tolerare tanquam noster caesium Era brevis ratione est Potus sensim ad ferox abnoba Sunt accentores vitare salvus flavum parses Ut eleifend mauris et risus ultrices egestas Aliquam sodales odio id eleifend tristique In hac habitasse platea dictumst','2017-09-13 21:45:06'),
	(24,5,3,'Pellentesque vitae velit ex Curabitur aliquam euismod dolor non ornare Eros diam egestas libero eu vulputate risus Era brevis ratione est Abnobas sunt hilotaes de placidus vita Ubi est audax amicitia In hac habitasse platea dictumst Mineralis persuadere omnes finises desiderium','2017-09-13 21:45:07'),
	(25,5,3,'Vae humani generis Ut suscipit posuere justo at vulputate Mineralis persuadere omnes finises desiderium Potus sensim ad ferox abnoba Aliquam sodales odio id eleifend tristique','2017-09-13 21:45:08'),
	(26,6,3,'Sunt accentores vitare salvus flavum parses Urna nisl sollicitudin id varius orci quam id turpis Nunc viverra elit ac laoreet suscipit Mineralis persuadere omnes finises desiderium Silva de secundus galatae demitto quadra Aliquam sodales odio id eleifend tristique Bassus fatalis classiss virtualiter transferre de flavum Vae humani generis Eposs sunt solems de superbus fortis Ubi est audax amicitia Ut suscipit posuere justo at vulputate Mauris dapibus risus quis suscipit vulputate In hac habitasse platea dictumst','2017-09-13 21:45:05'),
	(27,6,3,'Sunt seculaes transferre talis camerarius fluctuies Sunt torquises imitari velox mirabilis medicinaes Ut suscipit posuere justo at vulputate Curabitur aliquam euismod dolor non ornare Diatrias tolerare tanquam noster caesium Mineralis persuadere omnes finises desiderium','2017-09-13 21:45:06'),
	(28,6,3,'Ut suscipit posuere justo at vulputate Morbi tempus commodo mattis Eposs sunt solems de superbus fortis Sunt torquises imitari velox mirabilis medicinaes Pellentesque vitae velit ex Ut eleifend mauris et risus ultrices egestas Mauris dapibus risus quis suscipit vulputate Bassus fatalis classiss virtualiter transferre de flavum Abnobas sunt hilotaes de placidus vita Mineralis persuadere omnes finises desiderium Eros diam egestas libero eu vulputate risus Pellentesque et sapien pulvinar consectetur','2017-09-13 21:45:07'),
	(29,6,3,'Mauris dapibus risus quis suscipit vulputate Aliquam sodales odio id eleifend tristique Sunt accentores vitare salvus flavum parses Ubi est audax amicitia In hac habitasse platea dictumst Ut eleifend mauris et risus ultrices egestas Pellentesque et sapien pulvinar consectetur Curabitur aliquam euismod dolor non ornare Ut suscipit posuere justo at vulputate Bassus fatalis classiss virtualiter transferre de flavum Eros diam egestas libero eu vulputate risus','2017-09-13 21:45:08'),
	(30,6,3,'Morbi tempus commodo mattis Ut eleifend mauris et risus ultrices egestas Curabitur aliquam euismod dolor non ornare Aliquam sodales odio id eleifend tristique','2017-09-13 21:45:09'),
	(31,7,3,'Ut suscipit posuere justo at vulputate Silva de secundus galatae demitto quadra Bassus fatalis classiss virtualiter transferre de flavum Pellentesque et sapien pulvinar consectetur Pellentesque vitae velit ex Potus sensim ad ferox abnoba Vae humani generis','2017-09-13 21:45:06'),
	(32,7,3,'Era brevis ratione est Lorem ipsum dolor sit amet consectetur adipiscing elit Nunc viverra elit ac laoreet suscipit Ubi est audax amicitia Ut suscipit posuere justo at vulputate Aliquam sodales odio id eleifend tristique In hac habitasse platea dictumst','2017-09-13 21:45:07'),
	(33,7,3,'Mineralis persuadere omnes finises desiderium Eposs sunt solems de superbus fortis Bassus fatalis classiss virtualiter transferre de flavum Ubi est audax amicitia Diatrias tolerare tanquam noster caesium Sunt accentores vitare salvus flavum parses In hac habitasse platea dictumst Ubi est barbatus nix Nunc viverra elit ac laoreet suscipit Curabitur aliquam euismod dolor non ornare Era brevis ratione est Eros diam egestas libero eu vulputate risus Teres talis saepe tractare de camerarius flavum sensorem Sunt torquises imitari velox mirabilis medicinaes','2017-09-13 21:45:08'),
	(34,7,3,'Sunt torquises imitari velox mirabilis medicinaes Era brevis ratione est Silva de secundus galatae demitto quadra Curabitur aliquam euismod dolor non ornare Aliquam sodales odio id eleifend tristique','2017-09-13 21:45:09'),
	(35,7,3,'Pellentesque et sapien pulvinar consectetur Potus sensim ad ferox abnoba Eros diam egestas libero eu vulputate risus Diatrias tolerare tanquam noster caesium In hac habitasse platea dictumst Ubi est barbatus nix Ubi est audax amicitia Ut suscipit posuere justo at vulputate Era brevis ratione est Abnobas sunt hilotaes de placidus vita Teres talis saepe tractare de camerarius flavum sensorem Silva de secundus galatae demitto quadra Sunt accentores vitare salvus flavum parses Lorem ipsum dolor sit amet consectetur adipiscing elit','2017-09-13 21:45:10'),
	(36,8,3,'Urna nisl sollicitudin id varius orci quam id turpis Abnobas sunt hilotaes de placidus vita Era brevis ratione est Mauris dapibus risus quis suscipit vulputate Silva de secundus galatae demitto quadra','2017-09-13 21:45:07'),
	(37,8,3,'Bassus fatalis classiss virtualiter transferre de flavum Nunc viverra elit ac laoreet suscipit Sunt seculaes transferre talis camerarius fluctuies Abnobas sunt hilotaes de placidus vita Pellentesque et sapien pulvinar consectetur Pellentesque vitae velit ex Vae humani generis Teres talis saepe tractare de camerarius flavum sensorem Urna nisl sollicitudin id varius orci quam id turpis','2017-09-13 21:45:08'),
	(38,8,3,'Potus sensim ad ferox abnoba Diatrias tolerare tanquam noster caesium Era brevis ratione est Ut suscipit posuere justo at vulputate Bassus fatalis classiss virtualiter transferre de flavum Sunt seculaes transferre talis camerarius fluctuies Mineralis persuadere omnes finises desiderium Pellentesque et sapien pulvinar consectetur Vae humani generis Silva de secundus galatae demitto quadra','2017-09-13 21:45:09'),
	(39,8,3,'Sunt seculaes transferre talis camerarius fluctuies Nulla porta lobortis ligula vel egestas In hac habitasse platea dictumst Ubi est barbatus nix Vae humani generis Sunt torquises imitari velox mirabilis medicinaes','2017-09-13 21:45:10'),
	(40,8,3,'Urna nisl sollicitudin id varius orci quam id turpis Sed varius a risus eget aliquam','2017-09-13 21:45:11'),
	(41,9,3,'Nunc viverra elit ac laoreet suscipit Mauris dapibus risus quis suscipit vulputate','2017-09-13 21:45:08'),
	(42,9,3,'Urna nisl sollicitudin id varius orci quam id turpis Teres talis saepe tractare de camerarius flavum sensorem Era brevis ratione est Nulla porta lobortis ligula vel egestas Aliquam sodales odio id eleifend tristique Sunt seculaes transferre talis camerarius fluctuies Pellentesque vitae velit ex Eros diam egestas libero eu vulputate risus','2017-09-13 21:45:09'),
	(43,9,3,'Aliquam sodales odio id eleifend tristique Sunt seculaes transferre talis camerarius fluctuies Vae humani generis Teres talis saepe tractare de camerarius flavum sensorem Nulla porta lobortis ligula vel egestas','2017-09-13 21:45:10'),
	(44,9,3,'Potus sensim ad ferox abnoba Morbi tempus commodo mattis Aliquam sodales odio id eleifend tristique Urna nisl sollicitudin id varius orci quam id turpis Teres talis saepe tractare de camerarius flavum sensorem Curabitur aliquam euismod dolor non ornare Eposs sunt solems de superbus fortis Eros diam egestas libero eu vulputate risus Silva de secundus galatae demitto quadra Ut suscipit posuere justo at vulputate Sunt seculaes transferre talis camerarius fluctuies','2017-09-13 21:45:11'),
	(45,9,3,'Urna nisl sollicitudin id varius orci quam id turpis Bassus fatalis classiss virtualiter transferre de flavum Teres talis saepe tractare de camerarius flavum sensorem','2017-09-13 21:45:12'),
	(46,10,3,'Ubi est audax amicitia Sunt seculaes transferre talis camerarius fluctuies Era brevis ratione est In hac habitasse platea dictumst Ubi est barbatus nix','2017-09-13 21:45:09'),
	(47,10,3,'Silva de secundus galatae demitto quadra','2017-09-13 21:45:10'),
	(48,10,3,'Aliquam sodales odio id eleifend tristique Potus sensim ad ferox abnoba Silva de secundus galatae demitto quadra Ubi est audax amicitia Era brevis ratione est Morbi tempus commodo mattis Pellentesque vitae velit ex Ubi est barbatus nix Nunc viverra elit ac laoreet suscipit Lorem ipsum dolor sit amet consectetur adipiscing elit Mauris dapibus risus quis suscipit vulputate','2017-09-13 21:45:11'),
	(49,10,3,'Nunc viverra elit ac laoreet suscipit','2017-09-13 21:45:12'),
	(50,10,3,'Sunt torquises imitari velox mirabilis medicinaes Bassus fatalis classiss virtualiter transferre de flavum In hac habitasse platea dictumst Aliquam sodales odio id eleifend tristique Ubi est audax amicitia Ubi est barbatus nix Urna nisl sollicitudin id varius orci quam id turpis Mauris dapibus risus quis suscipit vulputate','2017-09-13 21:45:13'),
	(51,11,3,'Curabitur aliquam euismod dolor non ornare Eros diam egestas libero eu vulputate risus Mauris dapibus risus quis suscipit vulputate Pellentesque et sapien pulvinar consectetur Ubi est barbatus nix Lorem ipsum dolor sit amet consectetur adipiscing elit Eposs sunt solems de superbus fortis Nulla porta lobortis ligula vel egestas','2017-09-13 21:45:10'),
	(52,11,3,'Eposs sunt solems de superbus fortis Nunc viverra elit ac laoreet suscipit Ut suscipit posuere justo at vulputate Bassus fatalis classiss virtualiter transferre de flavum','2017-09-13 21:45:11'),
	(53,11,3,'Morbi tempus commodo mattis Potus sensim ad ferox abnoba In hac habitasse platea dictumst Curabitur aliquam euismod dolor non ornare Sunt accentores vitare salvus flavum parses Sunt seculaes transferre talis camerarius fluctuies Eros diam egestas libero eu vulputate risus Mauris dapibus risus quis suscipit vulputate Ut eleifend mauris et risus ultrices egestas Abnobas sunt hilotaes de placidus vita','2017-09-13 21:45:12'),
	(54,11,3,'Urna nisl sollicitudin id varius orci quam id turpis Abnobas sunt hilotaes de placidus vita Bassus fatalis classiss virtualiter transferre de flavum In hac habitasse platea dictumst Aliquam sodales odio id eleifend tristique Sed varius a risus eget aliquam Nulla porta lobortis ligula vel egestas Diatrias tolerare tanquam noster caesium Pellentesque vitae velit ex Curabitur aliquam euismod dolor non ornare Potus sensim ad ferox abnoba Lorem ipsum dolor sit amet consectetur adipiscing elit Ubi est audax amicitia','2017-09-13 21:45:13'),
	(55,11,3,'Lorem ipsum dolor sit amet consectetur adipiscing elit Nulla porta lobortis ligula vel egestas Silva de secundus galatae demitto quadra Ubi est audax amicitia Aliquam sodales odio id eleifend tristique','2017-09-13 21:45:14'),
	(56,12,3,'Pellentesque et sapien pulvinar consectetur Teres talis saepe tractare de camerarius flavum sensorem Urna nisl sollicitudin id varius orci quam id turpis Diatrias tolerare tanquam noster caesium Ubi est audax amicitia Eposs sunt solems de superbus fortis Lorem ipsum dolor sit amet consectetur adipiscing elit Abnobas sunt hilotaes de placidus vita','2017-09-13 21:45:11'),
	(57,12,3,'In hac habitasse platea dictumst Silva de secundus galatae demitto quadra Sed varius a risus eget aliquam Vae humani generis Abnobas sunt hilotaes de placidus vita Ubi est audax amicitia Pellentesque vitae velit ex Mauris dapibus risus quis suscipit vulputate Lorem ipsum dolor sit amet consectetur adipiscing elit Curabitur aliquam euismod dolor non ornare Nunc viverra elit ac laoreet suscipit Teres talis saepe tractare de camerarius flavum sensorem Eros diam egestas libero eu vulputate risus Ut suscipit posuere justo at vulputate','2017-09-13 21:45:12'),
	(58,12,3,'Silva de secundus galatae demitto quadra Mineralis persuadere omnes finises desiderium Eros diam egestas libero eu vulputate risus Nulla porta lobortis ligula vel egestas Ubi est audax amicitia Potus sensim ad ferox abnoba Sed varius a risus eget aliquam Teres talis saepe tractare de camerarius flavum sensorem Sunt accentores vitare salvus flavum parses','2017-09-13 21:45:13'),
	(59,12,3,'Era brevis ratione est In hac habitasse platea dictumst Sed varius a risus eget aliquam Nunc viverra elit ac laoreet suscipit Pellentesque vitae velit ex Silva de secundus galatae demitto quadra Aliquam sodales odio id eleifend tristique Sunt torquises imitari velox mirabilis medicinaes Bassus fatalis classiss virtualiter transferre de flavum Mineralis persuadere omnes finises desiderium','2017-09-13 21:45:14'),
	(60,12,3,'Sunt accentores vitare salvus flavum parses Lorem ipsum dolor sit amet consectetur adipiscing elit Aliquam sodales odio id eleifend tristique Diatrias tolerare tanquam noster caesium Pellentesque et sapien pulvinar consectetur Silva de secundus galatae demitto quadra Morbi tempus commodo mattis','2017-09-13 21:45:15'),
	(61,13,3,'Lorem ipsum dolor sit amet consectetur adipiscing elit Mauris dapibus risus quis suscipit vulputate Ubi est audax amicitia Pellentesque vitae velit ex Sunt torquises imitari velox mirabilis medicinaes Eposs sunt solems de superbus fortis','2017-09-13 21:45:12'),
	(62,13,3,'Vae humani generis Eros diam egestas libero eu vulputate risus Ut suscipit posuere justo at vulputate Mauris dapibus risus quis suscipit vulputate Sed varius a risus eget aliquam In hac habitasse platea dictumst Nulla porta lobortis ligula vel egestas Ut eleifend mauris et risus ultrices egestas Diatrias tolerare tanquam noster caesium Ubi est audax amicitia Sunt torquises imitari velox mirabilis medicinaes Pellentesque et sapien pulvinar consectetur Abnobas sunt hilotaes de placidus vita Sunt seculaes transferre talis camerarius fluctuies','2017-09-13 21:45:13'),
	(63,13,3,'Abnobas sunt hilotaes de placidus vita Mauris dapibus risus quis suscipit vulputate Sunt accentores vitare salvus flavum parses Morbi tempus commodo mattis Ut suscipit posuere justo at vulputate Bassus fatalis classiss virtualiter transferre de flavum Silva de secundus galatae demitto quadra Sunt torquises imitari velox mirabilis medicinaes Urna nisl sollicitudin id varius orci quam id turpis Mineralis persuadere omnes finises desiderium Sed varius a risus eget aliquam Ubi est barbatus nix In hac habitasse platea dictumst Eros diam egestas libero eu vulputate risus','2017-09-13 21:45:14'),
	(64,13,3,'Sunt torquises imitari velox mirabilis medicinaes Sunt accentores vitare salvus flavum parses Morbi tempus commodo mattis Lorem ipsum dolor sit amet consectetur adipiscing elit Urna nisl sollicitudin id varius orci quam id turpis','2017-09-13 21:45:15'),
	(65,13,3,'Aliquam sodales odio id eleifend tristique Bassus fatalis classiss virtualiter transferre de flavum Nulla porta lobortis ligula vel egestas Morbi tempus commodo mattis','2017-09-13 21:45:16'),
	(66,14,3,'Ubi est audax amicitia Aliquam sodales odio id eleifend tristique Ut eleifend mauris et risus ultrices egestas Sunt torquises imitari velox mirabilis medicinaes Morbi tempus commodo mattis Ubi est barbatus nix Sed varius a risus eget aliquam','2017-09-13 21:45:13'),
	(67,14,3,'Sunt seculaes transferre talis camerarius fluctuies Diatrias tolerare tanquam noster caesium Nunc viverra elit ac laoreet suscipit Curabitur aliquam euismod dolor non ornare Ut suscipit posuere justo at vulputate Pellentesque et sapien pulvinar consectetur Silva de secundus galatae demitto quadra Pellentesque vitae velit ex Mauris dapibus risus quis suscipit vulputate Ubi est barbatus nix Nulla porta lobortis ligula vel egestas','2017-09-13 21:45:14'),
	(68,14,3,'Lorem ipsum dolor sit amet consectetur adipiscing elit Ubi est audax amicitia Sunt accentores vitare salvus flavum parses Mineralis persuadere omnes finises desiderium Silva de secundus galatae demitto quadra','2017-09-13 21:45:15'),
	(69,14,3,'Pellentesque vitae velit ex Teres talis saepe tractare de camerarius flavum sensorem Ut eleifend mauris et risus ultrices egestas Ubi est audax amicitia Abnobas sunt hilotaes de placidus vita Nulla porta lobortis ligula vel egestas','2017-09-13 21:45:16'),
	(70,14,3,'Teres talis saepe tractare de camerarius flavum sensorem In hac habitasse platea dictumst Pellentesque vitae velit ex Sunt torquises imitari velox mirabilis medicinaes Era brevis ratione est Morbi tempus commodo mattis Curabitur aliquam euismod dolor non ornare Mineralis persuadere omnes finises desiderium','2017-09-13 21:45:17'),
	(71,15,3,'In hac habitasse platea dictumst Mauris dapibus risus quis suscipit vulputate Teres talis saepe tractare de camerarius flavum sensorem Lorem ipsum dolor sit amet consectetur adipiscing elit Silva de secundus galatae demitto quadra Abnobas sunt hilotaes de placidus vita Sed varius a risus eget aliquam Aliquam sodales odio id eleifend tristique Vae humani generis','2017-09-13 21:45:14'),
	(72,15,3,'Sed varius a risus eget aliquam Ut suscipit posuere justo at vulputate Ubi est audax amicitia Ubi est barbatus nix In hac habitasse platea dictumst Sunt seculaes transferre talis camerarius fluctuies Era brevis ratione est Sunt accentores vitare salvus flavum parses Morbi tempus commodo mattis Sunt torquises imitari velox mirabilis medicinaes Curabitur aliquam euismod dolor non ornare Abnobas sunt hilotaes de placidus vita Pellentesque vitae velit ex Urna nisl sollicitudin id varius orci quam id turpis','2017-09-13 21:45:15'),
	(73,15,3,'Mineralis persuadere omnes finises desiderium','2017-09-13 21:45:16'),
	(74,15,3,'Abnobas sunt hilotaes de placidus vita Silva de secundus galatae demitto quadra Sunt seculaes transferre talis camerarius fluctuies Sunt accentores vitare salvus flavum parses','2017-09-13 21:45:17'),
	(75,15,3,'Pellentesque vitae velit ex Abnobas sunt hilotaes de placidus vita','2017-09-13 21:45:18'),
	(76,16,3,'Urna nisl sollicitudin id varius orci quam id turpis Mauris dapibus risus quis suscipit vulputate Nunc viverra elit ac laoreet suscipit Bassus fatalis classiss virtualiter transferre de flavum Eposs sunt solems de superbus fortis Sed varius a risus eget aliquam Pellentesque vitae velit ex Nulla porta lobortis ligula vel egestas Morbi tempus commodo mattis Ubi est audax amicitia Sunt accentores vitare salvus flavum parses','2017-09-13 21:45:15'),
	(77,16,3,'Ut eleifend mauris et risus ultrices egestas Eposs sunt solems de superbus fortis Curabitur aliquam euismod dolor non ornare Teres talis saepe tractare de camerarius flavum sensorem Ut suscipit posuere justo at vulputate Silva de secundus galatae demitto quadra Sunt seculaes transferre talis camerarius fluctuies Abnobas sunt hilotaes de placidus vita Sunt torquises imitari velox mirabilis medicinaes Pellentesque et sapien pulvinar consectetur Ubi est audax amicitia Nulla porta lobortis ligula vel egestas','2017-09-13 21:45:16'),
	(78,16,3,'Ubi est audax amicitia Sunt torquises imitari velox mirabilis medicinaes In hac habitasse platea dictumst Potus sensim ad ferox abnoba Eros diam egestas libero eu vulputate risus Vae humani generis Ubi est barbatus nix Sunt seculaes transferre talis camerarius fluctuies Ut suscipit posuere justo at vulputate Mauris dapibus risus quis suscipit vulputate Pellentesque vitae velit ex Pellentesque et sapien pulvinar consectetur','2017-09-13 21:45:17'),
	(79,16,3,'Potus sensim ad ferox abnoba In hac habitasse platea dictumst','2017-09-13 21:45:18'),
	(80,16,3,'Pellentesque et sapien pulvinar consectetur Vae humani generis Mineralis persuadere omnes finises desiderium Ut suscipit posuere justo at vulputate Bassus fatalis classiss virtualiter transferre de flavum Ubi est audax amicitia In hac habitasse platea dictumst Mauris dapibus risus quis suscipit vulputate Morbi tempus commodo mattis','2017-09-13 21:45:19'),
	(81,17,3,'Pellentesque vitae velit ex Lorem ipsum dolor sit amet consectetur adipiscing elit Ut suscipit posuere justo at vulputate Eposs sunt solems de superbus fortis','2017-09-13 21:45:16'),
	(82,17,3,'Sunt torquises imitari velox mirabilis medicinaes Abnobas sunt hilotaes de placidus vita Curabitur aliquam euismod dolor non ornare Nulla porta lobortis ligula vel egestas Sunt accentores vitare salvus flavum parses Ut eleifend mauris et risus ultrices egestas Pellentesque et sapien pulvinar consectetur Pellentesque vitae velit ex Teres talis saepe tractare de camerarius flavum sensorem','2017-09-13 21:45:17'),
	(83,17,3,'Ut eleifend mauris et risus ultrices egestas In hac habitasse platea dictumst Mineralis persuadere omnes finises desiderium Pellentesque vitae velit ex Era brevis ratione est Bassus fatalis classiss virtualiter transferre de flavum Sunt torquises imitari velox mirabilis medicinaes Sunt accentores vitare salvus flavum parses','2017-09-13 21:45:18'),
	(84,17,3,'Ubi est barbatus nix Sunt accentores vitare salvus flavum parses Vae humani generis Ubi est audax amicitia','2017-09-13 21:45:19'),
	(85,17,3,'Era brevis ratione est Vae humani generis Sunt seculaes transferre talis camerarius fluctuies Ubi est audax amicitia Morbi tempus commodo mattis Bassus fatalis classiss virtualiter transferre de flavum Eros diam egestas libero eu vulputate risus Ut suscipit posuere justo at vulputate Silva de secundus galatae demitto quadra Diatrias tolerare tanquam noster caesium Aliquam sodales odio id eleifend tristique Curabitur aliquam euismod dolor non ornare Ubi est barbatus nix','2017-09-13 21:45:20'),
	(86,18,3,'Ubi est barbatus nix','2017-09-13 21:45:17'),
	(87,18,3,'Morbi tempus commodo mattis Aliquam sodales odio id eleifend tristique Curabitur aliquam euismod dolor non ornare Sunt torquises imitari velox mirabilis medicinaes Sunt seculaes transferre talis camerarius fluctuies','2017-09-13 21:45:18'),
	(88,18,3,'Nunc viverra elit ac laoreet suscipit Sed varius a risus eget aliquam Ubi est barbatus nix Sunt torquises imitari velox mirabilis medicinaes Pellentesque et sapien pulvinar consectetur Era brevis ratione est Pellentesque vitae velit ex Potus sensim ad ferox abnoba Nulla porta lobortis ligula vel egestas','2017-09-13 21:45:19'),
	(89,18,3,'Era brevis ratione est Lorem ipsum dolor sit amet consectetur adipiscing elit Vae humani generis Curabitur aliquam euismod dolor non ornare Bassus fatalis classiss virtualiter transferre de flavum Potus sensim ad ferox abnoba Pellentesque vitae velit ex In hac habitasse platea dictumst Ut suscipit posuere justo at vulputate Sunt torquises imitari velox mirabilis medicinaes Nunc viverra elit ac laoreet suscipit Diatrias tolerare tanquam noster caesium Ubi est barbatus nix','2017-09-13 21:45:20'),
	(90,18,3,'Aliquam sodales odio id eleifend tristique','2017-09-13 21:45:21'),
	(91,19,3,'Mauris dapibus risus quis suscipit vulputate Ut eleifend mauris et risus ultrices egestas Ut suscipit posuere justo at vulputate Urna nisl sollicitudin id varius orci quam id turpis Eros diam egestas libero eu vulputate risus Pellentesque et sapien pulvinar consectetur','2017-09-13 21:45:18'),
	(92,19,3,'Ut suscipit posuere justo at vulputate Lorem ipsum dolor sit amet consectetur adipiscing elit','2017-09-13 21:45:19'),
	(93,19,3,'Bassus fatalis classiss virtualiter transferre de flavum Silva de secundus galatae demitto quadra Ut suscipit posuere justo at vulputate Nulla porta lobortis ligula vel egestas In hac habitasse platea dictumst Ut eleifend mauris et risus ultrices egestas Sunt seculaes transferre talis camerarius fluctuies','2017-09-13 21:45:20'),
	(94,19,3,'Bassus fatalis classiss virtualiter transferre de flavum Silva de secundus galatae demitto quadra Nulla porta lobortis ligula vel egestas','2017-09-13 21:45:21'),
	(95,19,3,'Ut eleifend mauris et risus ultrices egestas Sunt torquises imitari velox mirabilis medicinaes Eposs sunt solems de superbus fortis In hac habitasse platea dictumst Diatrias tolerare tanquam noster caesium Urna nisl sollicitudin id varius orci quam id turpis Bassus fatalis classiss virtualiter transferre de flavum Curabitur aliquam euismod dolor non ornare Mauris dapibus risus quis suscipit vulputate Ubi est audax amicitia Ut suscipit posuere justo at vulputate','2017-09-13 21:45:22'),
	(96,20,3,'Bassus fatalis classiss virtualiter transferre de flavum Urna nisl sollicitudin id varius orci quam id turpis Sunt torquises imitari velox mirabilis medicinaes Pellentesque et sapien pulvinar consectetur Nulla porta lobortis ligula vel egestas Sunt seculaes transferre talis camerarius fluctuies Aliquam sodales odio id eleifend tristique Era brevis ratione est Mineralis persuadere omnes finises desiderium Ubi est audax amicitia Ut eleifend mauris et risus ultrices egestas Silva de secundus galatae demitto quadra Morbi tempus commodo mattis','2017-09-13 21:45:19'),
	(97,20,3,'Aliquam sodales odio id eleifend tristique Mineralis persuadere omnes finises desiderium Mauris dapibus risus quis suscipit vulputate Ubi est barbatus nix Lorem ipsum dolor sit amet consectetur adipiscing elit Curabitur aliquam euismod dolor non ornare Morbi tempus commodo mattis Sunt torquises imitari velox mirabilis medicinaes Urna nisl sollicitudin id varius orci quam id turpis','2017-09-13 21:45:20'),
	(98,20,3,'Sunt seculaes transferre talis camerarius fluctuies Sunt accentores vitare salvus flavum parses Ut eleifend mauris et risus ultrices egestas Teres talis saepe tractare de camerarius flavum sensorem Ut suscipit posuere justo at vulputate Mineralis persuadere omnes finises desiderium Curabitur aliquam euismod dolor non ornare','2017-09-13 21:45:21'),
	(99,20,3,'Silva de secundus galatae demitto quadra Nulla porta lobortis ligula vel egestas Ubi est audax amicitia Ut suscipit posuere justo at vulputate Eposs sunt solems de superbus fortis In hac habitasse platea dictumst Curabitur aliquam euismod dolor non ornare Aliquam sodales odio id eleifend tristique Eros diam egestas libero eu vulputate risus Diatrias tolerare tanquam noster caesium Pellentesque vitae velit ex Potus sensim ad ferox abnoba','2017-09-13 21:45:22'),
	(100,20,3,'Urna nisl sollicitudin id varius orci quam id turpis','2017-09-13 21:45:23'),
	(101,21,3,'Eros diam egestas libero eu vulputate risus Aliquam sodales odio id eleifend tristique Urna nisl sollicitudin id varius orci quam id turpis Ut suscipit posuere justo at vulputate Eposs sunt solems de superbus fortis Nunc viverra elit ac laoreet suscipit Curabitur aliquam euismod dolor non ornare Teres talis saepe tractare de camerarius flavum sensorem Vae humani generis Lorem ipsum dolor sit amet consectetur adipiscing elit In hac habitasse platea dictumst Morbi tempus commodo mattis Ut eleifend mauris et risus ultrices egestas Era brevis ratione est','2017-09-13 21:45:20'),
	(102,21,3,'Ubi est audax amicitia Vae humani generis Ubi est barbatus nix Urna nisl sollicitudin id varius orci quam id turpis In hac habitasse platea dictumst','2017-09-13 21:45:21'),
	(103,21,3,'Morbi tempus commodo mattis Era brevis ratione est Diatrias tolerare tanquam noster caesium Nulla porta lobortis ligula vel egestas Sunt accentores vitare salvus flavum parses Aliquam sodales odio id eleifend tristique','2017-09-13 21:45:22'),
	(104,21,3,'Era brevis ratione est','2017-09-13 21:45:23'),
	(105,21,3,'Abnobas sunt hilotaes de placidus vita Ubi est barbatus nix Bassus fatalis classiss virtualiter transferre de flavum Vae humani generis Ut eleifend mauris et risus ultrices egestas Urna nisl sollicitudin id varius orci quam id turpis Potus sensim ad ferox abnoba Aliquam sodales odio id eleifend tristique Ut suscipit posuere justo at vulputate Sunt torquises imitari velox mirabilis medicinaes','2017-09-13 21:45:24'),
	(106,22,3,'Silva de secundus galatae demitto quadra Ubi est barbatus nix Era brevis ratione est Eros diam egestas libero eu vulputate risus Potus sensim ad ferox abnoba Mauris dapibus risus quis suscipit vulputate In hac habitasse platea dictumst Lorem ipsum dolor sit amet consectetur adipiscing elit','2017-09-13 21:45:21'),
	(107,22,3,'Bassus fatalis classiss virtualiter transferre de flavum','2017-09-13 21:45:22'),
	(108,22,3,'Aliquam sodales odio id eleifend tristique Bassus fatalis classiss virtualiter transferre de flavum Pellentesque et sapien pulvinar consectetur Silva de secundus galatae demitto quadra In hac habitasse platea dictumst Mineralis persuadere omnes finises desiderium Mauris dapibus risus quis suscipit vulputate Curabitur aliquam euismod dolor non ornare Vae humani generis Ut eleifend mauris et risus ultrices egestas Nulla porta lobortis ligula vel egestas Lorem ipsum dolor sit amet consectetur adipiscing elit Potus sensim ad ferox abnoba Eros diam egestas libero eu vulputate risus','2017-09-13 21:45:23'),
	(109,22,3,'Bassus fatalis classiss virtualiter transferre de flavum Sunt accentores vitare salvus flavum parses Potus sensim ad ferox abnoba Curabitur aliquam euismod dolor non ornare Pellentesque et sapien pulvinar consectetur Abnobas sunt hilotaes de placidus vita Mauris dapibus risus quis suscipit vulputate','2017-09-13 21:45:24'),
	(110,22,3,'Sunt torquises imitari velox mirabilis medicinaes Mineralis persuadere omnes finises desiderium Vae humani generis Lorem ipsum dolor sit amet consectetur adipiscing elit Ut eleifend mauris et risus ultrices egestas','2017-09-13 21:45:25'),
	(111,23,3,'Nunc viverra elit ac laoreet suscipit Eposs sunt solems de superbus fortis Teres talis saepe tractare de camerarius flavum sensorem Morbi tempus commodo mattis Potus sensim ad ferox abnoba Mauris dapibus risus quis suscipit vulputate Aliquam sodales odio id eleifend tristique Eros diam egestas libero eu vulputate risus Sunt accentores vitare salvus flavum parses','2017-09-13 21:45:22'),
	(112,23,3,'Ubi est barbatus nix Aliquam sodales odio id eleifend tristique Sunt torquises imitari velox mirabilis medicinaes Abnobas sunt hilotaes de placidus vita Bassus fatalis classiss virtualiter transferre de flavum Vae humani generis','2017-09-13 21:45:23'),
	(113,23,3,'Ubi est barbatus nix Vae humani generis Sunt accentores vitare salvus flavum parses','2017-09-13 21:45:24'),
	(114,23,3,'Ut eleifend mauris et risus ultrices egestas Pellentesque et sapien pulvinar consectetur Eposs sunt solems de superbus fortis Nunc viverra elit ac laoreet suscipit Bassus fatalis classiss virtualiter transferre de flavum Era brevis ratione est','2017-09-13 21:45:25'),
	(115,23,3,'Nunc viverra elit ac laoreet suscipit Silva de secundus galatae demitto quadra Mauris dapibus risus quis suscipit vulputate','2017-09-13 21:45:26'),
	(116,24,3,'Vae humani generis Abnobas sunt hilotaes de placidus vita Morbi tempus commodo mattis Ut eleifend mauris et risus ultrices egestas Sunt accentores vitare salvus flavum parses Curabitur aliquam euismod dolor non ornare Nulla porta lobortis ligula vel egestas Mineralis persuadere omnes finises desiderium Era brevis ratione est Ut suscipit posuere justo at vulputate Urna nisl sollicitudin id varius orci quam id turpis Eposs sunt solems de superbus fortis','2017-09-13 21:45:23'),
	(117,24,3,'Lorem ipsum dolor sit amet consectetur adipiscing elit Nulla porta lobortis ligula vel egestas Mineralis persuadere omnes finises desiderium','2017-09-13 21:45:24'),
	(118,24,3,'Eros diam egestas libero eu vulputate risus Ubi est audax amicitia Vae humani generis Abnobas sunt hilotaes de placidus vita Sed varius a risus eget aliquam Silva de secundus galatae demitto quadra Pellentesque vitae velit ex Sunt seculaes transferre talis camerarius fluctuies Ubi est barbatus nix','2017-09-13 21:45:25'),
	(119,24,3,'In hac habitasse platea dictumst Nulla porta lobortis ligula vel egestas Curabitur aliquam euismod dolor non ornare Sunt seculaes transferre talis camerarius fluctuies','2017-09-13 21:45:26'),
	(120,24,3,'Sunt accentores vitare salvus flavum parses','2017-09-13 21:45:27'),
	(121,25,3,'Lorem ipsum dolor sit amet consectetur adipiscing elit Ubi est barbatus nix In hac habitasse platea dictumst','2017-09-13 21:45:24'),
	(122,25,3,'Lorem ipsum dolor sit amet consectetur adipiscing elit Abnobas sunt hilotaes de placidus vita Teres talis saepe tractare de camerarius flavum sensorem Vae humani generis Ubi est audax amicitia Ut eleifend mauris et risus ultrices egestas Ut suscipit posuere justo at vulputate In hac habitasse platea dictumst Sed varius a risus eget aliquam','2017-09-13 21:45:25'),
	(123,25,3,'Pellentesque vitae velit ex Eros diam egestas libero eu vulputate risus Bassus fatalis classiss virtualiter transferre de flavum Sunt torquises imitari velox mirabilis medicinaes Nunc viverra elit ac laoreet suscipit Diatrias tolerare tanquam noster caesium','2017-09-13 21:45:26'),
	(124,25,3,'Curabitur aliquam euismod dolor non ornare','2017-09-13 21:45:27'),
	(125,25,3,'Sunt torquises imitari velox mirabilis medicinaes Ubi est barbatus nix','2017-09-13 21:45:28'),
	(126,26,3,'Mauris dapibus risus quis suscipit vulputate','2017-09-13 21:45:25'),
	(127,26,3,'Lorem ipsum dolor sit amet consectetur adipiscing elit Ut eleifend mauris et risus ultrices egestas Ubi est barbatus nix Abnobas sunt hilotaes de placidus vita Sunt accentores vitare salvus flavum parses Curabitur aliquam euismod dolor non ornare Potus sensim ad ferox abnoba Silva de secundus galatae demitto quadra Morbi tempus commodo mattis','2017-09-13 21:45:26'),
	(128,26,3,'Eros diam egestas libero eu vulputate risus Curabitur aliquam euismod dolor non ornare Lorem ipsum dolor sit amet consectetur adipiscing elit Pellentesque vitae velit ex Ut eleifend mauris et risus ultrices egestas Urna nisl sollicitudin id varius orci quam id turpis Nulla porta lobortis ligula vel egestas Sed varius a risus eget aliquam Sunt torquises imitari velox mirabilis medicinaes Pellentesque et sapien pulvinar consectetur','2017-09-13 21:45:27'),
	(129,26,3,'Diatrias tolerare tanquam noster caesium Aliquam sodales odio id eleifend tristique Pellentesque vitae velit ex Sunt seculaes transferre talis camerarius fluctuies Abnobas sunt hilotaes de placidus vita In hac habitasse platea dictumst Teres talis saepe tractare de camerarius flavum sensorem Nulla porta lobortis ligula vel egestas Ubi est barbatus nix Sunt accentores vitare salvus flavum parses Ut eleifend mauris et risus ultrices egestas','2017-09-13 21:45:28'),
	(130,26,3,'Vae humani generis Ubi est audax amicitia Eposs sunt solems de superbus fortis Diatrias tolerare tanquam noster caesium Ut eleifend mauris et risus ultrices egestas Nulla porta lobortis ligula vel egestas Ut suscipit posuere justo at vulputate Nunc viverra elit ac laoreet suscipit Pellentesque vitae velit ex Teres talis saepe tractare de camerarius flavum sensorem Sunt seculaes transferre talis camerarius fluctuies Morbi tempus commodo mattis Aliquam sodales odio id eleifend tristique','2017-09-13 21:45:29'),
	(131,27,3,'Ut suscipit posuere justo at vulputate Mineralis persuadere omnes finises desiderium Mauris dapibus risus quis suscipit vulputate In hac habitasse platea dictumst Curabitur aliquam euismod dolor non ornare Bassus fatalis classiss virtualiter transferre de flavum Sunt torquises imitari velox mirabilis medicinaes Sunt accentores vitare salvus flavum parses Diatrias tolerare tanquam noster caesium','2017-09-13 21:45:26'),
	(132,27,3,'Aliquam sodales odio id eleifend tristique Ut eleifend mauris et risus ultrices egestas Eposs sunt solems de superbus fortis Nulla porta lobortis ligula vel egestas Ut suscipit posuere justo at vulputate Ubi est audax amicitia Era brevis ratione est','2017-09-13 21:45:27'),
	(133,27,3,'Abnobas sunt hilotaes de placidus vita Diatrias tolerare tanquam noster caesium Morbi tempus commodo mattis Nunc viverra elit ac laoreet suscipit Teres talis saepe tractare de camerarius flavum sensorem Eros diam egestas libero eu vulputate risus Lorem ipsum dolor sit amet consectetur adipiscing elit','2017-09-13 21:45:28'),
	(134,27,3,'Urna nisl sollicitudin id varius orci quam id turpis Era brevis ratione est Abnobas sunt hilotaes de placidus vita Lorem ipsum dolor sit amet consectetur adipiscing elit Aliquam sodales odio id eleifend tristique Bassus fatalis classiss virtualiter transferre de flavum Silva de secundus galatae demitto quadra Ut eleifend mauris et risus ultrices egestas Morbi tempus commodo mattis Sed varius a risus eget aliquam Potus sensim ad ferox abnoba Sunt torquises imitari velox mirabilis medicinaes Mauris dapibus risus quis suscipit vulputate','2017-09-13 21:45:29'),
	(135,27,3,'Era brevis ratione est Diatrias tolerare tanquam noster caesium Morbi tempus commodo mattis Aliquam sodales odio id eleifend tristique In hac habitasse platea dictumst Nunc viverra elit ac laoreet suscipit Eros diam egestas libero eu vulputate risus Mauris dapibus risus quis suscipit vulputate Silva de secundus galatae demitto quadra','2017-09-13 21:45:30'),
	(136,28,3,'Sed varius a risus eget aliquam Nunc viverra elit ac laoreet suscipit Aliquam sodales odio id eleifend tristique Ubi est barbatus nix Pellentesque et sapien pulvinar consectetur Lorem ipsum dolor sit amet consectetur adipiscing elit','2017-09-13 21:45:27'),
	(137,28,3,'Sunt torquises imitari velox mirabilis medicinaes Ubi est barbatus nix Pellentesque et sapien pulvinar consectetur Silva de secundus galatae demitto quadra Nulla porta lobortis ligula vel egestas Sunt accentores vitare salvus flavum parses Sed varius a risus eget aliquam In hac habitasse platea dictumst Eros diam egestas libero eu vulputate risus Ut suscipit posuere justo at vulputate Curabitur aliquam euismod dolor non ornare','2017-09-13 21:45:28'),
	(138,28,3,'Sunt accentores vitare salvus flavum parses Silva de secundus galatae demitto quadra Teres talis saepe tractare de camerarius flavum sensorem Mauris dapibus risus quis suscipit vulputate Sunt seculaes transferre talis camerarius fluctuies Eposs sunt solems de superbus fortis Diatrias tolerare tanquam noster caesium Morbi tempus commodo mattis Curabitur aliquam euismod dolor non ornare Ubi est audax amicitia Sed varius a risus eget aliquam Pellentesque vitae velit ex Mineralis persuadere omnes finises desiderium','2017-09-13 21:45:29'),
	(139,28,3,'Pellentesque et sapien pulvinar consectetur Bassus fatalis classiss virtualiter transferre de flavum Potus sensim ad ferox abnoba Mauris dapibus risus quis suscipit vulputate Eros diam egestas libero eu vulputate risus In hac habitasse platea dictumst Ut suscipit posuere justo at vulputate Sunt seculaes transferre talis camerarius fluctuies Diatrias tolerare tanquam noster caesium Sed varius a risus eget aliquam Ubi est audax amicitia Teres talis saepe tractare de camerarius flavum sensorem Abnobas sunt hilotaes de placidus vita Pellentesque vitae velit ex','2017-09-13 21:45:30'),
	(140,28,3,'Nunc viverra elit ac laoreet suscipit Lorem ipsum dolor sit amet consectetur adipiscing elit Pellentesque vitae velit ex','2017-09-13 21:45:31'),
	(141,29,3,'Sed varius a risus eget aliquam Eposs sunt solems de superbus fortis Sunt accentores vitare salvus flavum parses Sunt seculaes transferre talis camerarius fluctuies Abnobas sunt hilotaes de placidus vita Teres talis saepe tractare de camerarius flavum sensorem','2017-09-13 21:45:28'),
	(142,29,3,'Ubi est barbatus nix Eros diam egestas libero eu vulputate risus','2017-09-13 21:45:29'),
	(143,29,3,'Morbi tempus commodo mattis Urna nisl sollicitudin id varius orci quam id turpis Mauris dapibus risus quis suscipit vulputate Teres talis saepe tractare de camerarius flavum sensorem','2017-09-13 21:45:30'),
	(144,29,3,'Sunt torquises imitari velox mirabilis medicinaes Curabitur aliquam euismod dolor non ornare Mineralis persuadere omnes finises desiderium Nunc viverra elit ac laoreet suscipit Morbi tempus commodo mattis Teres talis saepe tractare de camerarius flavum sensorem Pellentesque vitae velit ex In hac habitasse platea dictumst Ut eleifend mauris et risus ultrices egestas Eros diam egestas libero eu vulputate risus Ut suscipit posuere justo at vulputate Sunt seculaes transferre talis camerarius fluctuies Lorem ipsum dolor sit amet consectetur adipiscing elit Ubi est barbatus nix','2017-09-13 21:45:31'),
	(145,29,3,'Sed varius a risus eget aliquam Bassus fatalis classiss virtualiter transferre de flavum Nunc viverra elit ac laoreet suscipit Ubi est audax amicitia Ut eleifend mauris et risus ultrices egestas','2017-09-13 21:45:32'),
	(146,30,3,'Bassus fatalis classiss virtualiter transferre de flavum Eros diam egestas libero eu vulputate risus Ubi est audax amicitia Era brevis ratione est Sunt seculaes transferre talis camerarius fluctuies Pellentesque vitae velit ex Lorem ipsum dolor sit amet consectetur adipiscing elit Abnobas sunt hilotaes de placidus vita Ut eleifend mauris et risus ultrices egestas Sunt torquises imitari velox mirabilis medicinaes','2017-09-13 21:45:29'),
	(147,30,3,'Mauris dapibus risus quis suscipit vulputate Sunt seculaes transferre talis camerarius fluctuies Abnobas sunt hilotaes de placidus vita Sed varius a risus eget aliquam Ut suscipit posuere justo at vulputate Morbi tempus commodo mattis','2017-09-13 21:45:30'),
	(148,30,3,'Bassus fatalis classiss virtualiter transferre de flavum Curabitur aliquam euismod dolor non ornare Silva de secundus galatae demitto quadra Diatrias tolerare tanquam noster caesium Ubi est barbatus nix Sunt torquises imitari velox mirabilis medicinaes Nulla porta lobortis ligula vel egestas Lorem ipsum dolor sit amet consectetur adipiscing elit','2017-09-13 21:45:31'),
	(149,30,3,'Sunt torquises imitari velox mirabilis medicinaes Ut eleifend mauris et risus ultrices egestas Abnobas sunt hilotaes de placidus vita Nulla porta lobortis ligula vel egestas Vae humani generis Eposs sunt solems de superbus fortis Sunt accentores vitare salvus flavum parses Pellentesque vitae velit ex Teres talis saepe tractare de camerarius flavum sensorem Aliquam sodales odio id eleifend tristique','2017-09-13 21:45:32'),
	(150,30,3,'Ut suscipit posuere justo at vulputate Abnobas sunt hilotaes de placidus vita Nulla porta lobortis ligula vel egestas Teres talis saepe tractare de camerarius flavum sensorem Eros diam egestas libero eu vulputate risus Aliquam sodales odio id eleifend tristique Lorem ipsum dolor sit amet consectetur adipiscing elit','2017-09-13 21:45:33');

INSERT INTO `wp_post_tag` (`post`, `tag`)
VALUES
	(1,7),
	(1,8),
	(3,2),
	(4,7),
	(4,8),
	(5,7),
	(8,1),
	(8,5),
	(9,1),
	(9,3),
	(9,4),
	(11,4),
	(11,8),
	(12,1),
	(12,8),
	(12,9),
	(13,3),
	(13,7),
	(13,8),
	(14,7),
	(14,8),
	(14,9),
	(16,6),
	(18,2),
	(18,4),
	(19,4),
	(19,6),
	(19,7),
	(21,1),
	(21,6),
	(22,5),
	(23,6),
	(25,4),
	(25,5),
	(25,9),
	(27,5),
	(27,6),
	(28,9),
	(29,6),
	(29,8),
	(30,9);
